xCoin Balances - March 2017,,,,,,,,Week 3/5,3/13 - 3/19,,,,,,Week 2/5,3/6 - 3/12,,,,,,Week 1/5,2/27 - 3/5,,,,,
Username,Last Rank,Promotion,Demotion,Weeks Present,Monthly Total,Weekly Average,Non-Immune Monthly Rank,Username,Weekly Balance,Sales,Purchases,Raffle Entries,Gold Donations,Item Donations,Username,Weekly Balance,Sales,Purchases,Raffle Entries,Gold Donations,Item Donations,Username,Weekly Balance,Sales,Purchases,Raffle Entries,Gold Donations,Item Donations
@AaronEH,Merchant,,,2,"14,406 ","7,203 ",83,@AaronEH,"7,474","132,288 ","9,822 ",5000,0 ,0 ,@AaronEH,"6,933","45,493 ","81,153 ",5000,0 ,0 ,@Aboly,"1,031",132 ,0 ,0,0 ,"1,026 "
@Aboly,Peddler,,,3,"1,031 ",344 ,359,@Aboly,0,0 ,0 ,0,0 ,0 ,@Aboly,0,0 ,0 ,0,0 ,0 ,@Adhal,"97,269","42,625 ",0 ,50000,0 ,"70,777 "
@Adhal,Tycoon,,Mogul,3,"108,062 ","36,021 ",6,@Adhal,"3,143","89,800 ",0 ,0,0 ,0 ,@Adhal,"7,651","4,300 ",0 ,15000,0 ,0 ,@Aescenthion,0,0 ,0 ,0,0 ,0 
@Admiralhornet771,Peddler,Merchant,,2,"4,267 ","2,133 ",237,@Admiralhornet771,"3,884","105,585 ","5,379 ",0,0 ,0 ,@Admiralhornet771,383,"9,324 ","1,626 ",0,0 ,0 ,@aguinazu,0,0 ,0 ,0,0 ,0 
@Aescenthion,Peddler,Merchant,,3,"3,456 ","1,152 ",270,@Aescenthion,"3,456",0 ,0 ,5000,0 ,956 ,@Aescenthion,0,0 ,0 ,0,0 ,0 ,@Ahkuilon,"7,512","71,758 ",0 ,10000,0 ,0 
@aguinazu,Merchant,,,3,"7,982 ","2,661 ",151,@aguinazu,"2,642","75,496 ",0 ,0,0 ,0 ,@aguinazu,"5,339","145,569 ","6,988 ",0,0 ,0 ,@Airostar,"4,428","12,219 ",0 ,8000,0 ,0 
@Ahkuilon,Merchant,,,3,"12,232 ","4,077 ",104,@Ahkuilon,"2,593","2,660 ",0 ,5000,0 ,0 ,@Ahkuilon,"2,127","15,376 ","45,400 ",0,0 ,0 ,@alb3rtz,132,"3,240 ",542 ,0,0 ,0 
@Airostar,Merchant,,,3,"9,285 ","3,095 ",136,@Airostar,"3,101","88,588 ",0 ,0,0 ,0 ,@Airostar,"1,757","50,202 ",0 ,0,0 ,0 ,@Almesin,"7,292","65,495 ",0 ,10000,0 ,0 
@Aithan,Associate,Peddler,,1,121 ,121 ,412,@Aithan,121,"3,450 ",0 ,0,0 ,0 ,@alb3rtz,32,904 ,0 ,0,0 ,0 ,@amano2943,653,"2,250 ","2,127 ",1000,0 ,0 
@ak_thrower,Associate,Merchant,,1,"4,010 ","4,010 ",243,@ak_thrower,"4,010","114,566 ",0 ,0,0 ,0 ,@AllieEden,513,495 ,"14,150 ",0,0 ,0 ,@Amped1,"1,925","12,155 ",0 ,3000,0 ,0 
@alb3rtz,Peddler,,,3,164 ,55 ,408,@alb3rtz,0,0 ,0 ,0,0 ,0 ,@Almesin,"10,000",0 ,0 ,20000,0 ,0 ,@aMRAZing,0,0 ,0 ,0,0 ,0 
@AllieEden,Peddler,Merchant,,2,"4,992 ","2,496 ",219,@AllieEden,"4,480","56,560 ",0 ,5000,0 ,0 ,@amano2943,"8,063","230,366 ",0 ,0,0 ,0 ,@Anangreehilbily,226,"6,450 ",0 ,0,0 ,0 
@Almesin,Merchant,,,3,"17,294 ","5,765 ",70,@Almesin,1,38 ,0 ,0,0 ,0 ,@Amped1,182,"5,194 ",0 ,0,0 ,0 ,@Anarchious2,0,0 ,0 ,0,0 ,0 
@amano2943,Merchant,,,3,"8,941 ","2,980 ",140,@amano2943,225,"6,300 ",135 ,0,0 ,0 ,@aMRAZing,"2,345","56,475 ","10,513 ",0,0 ,0 ,@Angel98,"103,591","131,176 ",0 ,160000,0 ,"19,000 "
@amblafo35,Associate,Peddler,,1,523 ,523 ,387,@amblafo35,523,"12,000 ","2,953 ",0,0 ,0 ,@Anangreehilbily,145,"1,545 ","2,594 ",0,0 ,0 ,@anthonyb225,149,"4,052 ",200 ,0,0 ,0 
@Amped1,Merchant,,Peddler,3,"2,755 ",918 ,289,@Amped1,648,"18,517 ",0 ,0,0 ,0 ,@Anarchious2,0,0 ,0 ,0,0 ,0 ,@Atomicturnip,0,0 ,0 ,0,0 ,0 
@aMRAZing,Merchant,,,3,"7,630 ","2,543 ",155,@aMRAZing,"5,285","149,900 ","1,100 ",0,0 ,0 ,@Angel98,"30,200","3,999 ","1,724 ",60000,0 ,0 ,@Axise,"2,710","5,500 ",500 ,5000,0 ,0 
@Anangreehilbily,Peddler,,,3,392 ,131 ,393,@Anangreehilbily,21,600 ,0 ,0,0 ,0 ,@Antheanian,918,"26,238 ",0 ,0,0 ,0 ,@BagOfTaytos,762,0 ,"11,600 ",0,0 ,356 
@Anarchious2,Peddler,,,3,0 ,0 ,,@Anarchious2,0,0 ,0 ,0,0 ,0 ,@anthonyb225,"1,808","19,415 ","3,665 ",2000,0 ,0 ,@Bakkagami,"26,088","673,930 ",0 ,5000,0 ,0 
@Angel98,Tycoon,,,3,"211,290 ","70,430 ",3,@Angel98,"77,498","92,536 ","19,900 ",60000,0 ,"43,563 ",@Atomicturnip,851,"24,300 ",0 ,0,0 ,0 ,@Balamir888,616,"1,500 ","16,091 ",0,0 ,0 
@Antareas,Associate,Peddler,,1,0 ,0 ,,@Antareas,0,0 ,0 ,0,0 ,0 ,@Axise,683,"19,500 ",0 ,0,0 ,0 ,@BananaVortex,"2,550","72,844 ",0 ,0,0 ,0 
@Antheanian,Peddler,Merchant,,2,"2,119 ","1,060 ",315,@Antheanian,"1,201","34,311 ",0 ,0,0 ,0 ,@BagOfTaytos,392,0 ,"11,208 ",0,0 ,0 ,@Banhammer44,945,"27,001 ",0 ,0,0 ,0 
@anthonyb225,Peddler,Merchant,,3,"5,534 ","1,845 ",201,@anthonyb225,"3,578","72,580 ","1,070 ",2000,0 ,0 ,@Bakkagami,"6,807","166,999 ","27,500 ",0,0 ,0 ,@Baranthrire,"1,281","16,000 ","20,587 ",0,0 ,0 
@aryliann,Associate,Merchant,,1,"2,696 ","2,696 ",292,@aryliann,"2,696","3,200 ","2,398 ",5000,0 ,0 ,@Balamir888,"2,732","78,000 ",60 ,0,0 ,0 ,@BardNo,"10,158","4,500 ",0 ,20000,0 ,0 
@Aschmi,Associate,Merchant,,1,"2,000 ","2,000 ",323,@Aschmi,"2,000",0 ,0 ,4000,0 ,0 ,@BananaVortex,88,"2,500 ",0 ,0,0 ,0 ,@Battleborn37,"9,466","208,322 ","33,540 ",0,"1,001 ",0 
@Ashindale,Associate,Peddler,,1,217 ,217 ,401,@Ashindale,217,"6,198 ",0 ,0,0 ,0 ,@Banhammer44,538,"15,378 ",0 ,0,0 ,0 ,@Belicho,"3,947","41,343 ",0 ,5000,0 ,0 
@Aspirtame,Associate,Merchant,,1,"1,000 ","1,000 ",360,@Aspirtame,"1,000",0 ,0 ,2000,0 ,0 ,@Baranthrire,793,0 ,"22,662 ",0,0 ,0 ,@BetweenCube,"1,220","6,299 ",0 ,2000,0 ,0 
@Atomicturnip,Peddler,,,3,851 ,284 ,370,@Atomicturnip,0,0 ,0 ,0,0 ,0 ,@BardNo,854,"24,400 ",0 ,0,0 ,0 ,@Bifel,"5,687","62,482 ",0 ,7000,0 ,0 
@Axise,Merchant,,,3,"3,743 ","1,248 ",258,@Axise,350,"10,000 ",0 ,0,0 ,0 ,@Battleborn37,"3,062","58,884 ",0 ,0,"1,001 ",0 ,@Bishop466,"3,873","110,668 ",0 ,0,0 ,0 
@BagOfTaytos,Peddler,Merchant,,3,"6,809 ","2,270 ",173,@BagOfTaytos,"5,655",0 ,850 ,0,"1,001 ","4,624 ",@Belicho,"6,129","25,505 ","149,595 ",0,0 ,0 ,@BlackestBeast,0,0 ,0 ,0,0 ,0 
@Bakkagami,Mogul,,,3,"36,316 ","12,105 ",24,@Bakkagami,"3,421","95,732 ","2,016 ",0,0 ,0 ,@Ben208,"1,816","51,882 ",0 ,0,0 ,0 ,@BLourenco,0,0 ,0 ,0,0 ,0 
@BananaVortex,Merchant,,Peddler,3,"2,648 ",883 ,293,@BananaVortex,11,300 ,0 ,0,0 ,0 ,@BetweenCube,"1,339","9,509 ",183 ,2000,0 ,0 ,@BluestBean,199,"5,696 ",0 ,0,0 ,0 
@Banhammer44,Peddler,,,3,"2,539 ",846 ,299,@Banhammer44,"1,056","29,712 ",450 ,0,0 ,0 ,@Bifel,"1,175","20,120 ","13,449 ",0,0 ,0 ,@Borntrippy,"10,694","233,015 ","1,111 ",5000,0 ,0 
@Baranthrire,Merchant,,Peddler,3,"2,635 ",878 ,294,@Baranthrire,562,"12,500 ","3,550 ",0,0 ,0 ,@biotroph,"2,135","61,000 ",0 ,0,0 ,0 ,@BoromirWolfsBane,263,"7,500 ",0 ,0,0 ,0 
@BardNo,Merchant,,,3,"11,148 ","3,716 ",115,@BardNo,137,"3,900 ",0 ,0,0 ,0 ,@Bishop466,285,"8,133 ",0 ,0,0 ,0 ,@Brady-21,"2,160","61,725 ",0 ,0,0 ,0 
@Barrel.Roll,Associate,Peddler,,1,0 ,0 ,,@Barrel.Roll,0,0 ,0 ,0,0 ,0 ,@BlackestBeast,0,0 ,0 ,0,0 ,0 ,@Britomartis,0,0 ,0 ,0,0 ,0 
@Battleborn37,Merchant,,,3,"20,404 ","6,801 ",49,@Battleborn37,"7,876","199,110 ","25,920 ",0,0 ,0 ,@BLACKxxxICE,"32,111","56,492 ",500 ,0,0 ,"30,116 ",@Brownbear1992,0,0 ,0 ,0,0 ,0 
@Belicho,Merchant,,,3,"13,822 ","4,607 ",88,@Belicho,"3,747","24,306 ","11,321 ",5000,0 ,0 ,@BLourenco,"33,391","12,969 ","32,387 ",0,0 ,"31,804 ",@BRP1970,"17,463","313,500 ","42,575 ",10000,0 ,0 
@Ben208,Merchant,,,2,"2,030 ","1,015 ",320,@Ben208,214,"6,104 ",0 ,0,0 ,0 ,@BluestBean,"1,362","6,421 ","3,913 ",2000,0 ,0 ,@bydi,0,0 ,0 ,0,0 ,0 
@BetweenCube,Merchant,,,3,"3,544 ","1,181 ",267,@BetweenCube,984,"2,460 ","25,662 ",0,0 ,0 ,@blyndside,"3,087","73,900 ",0 ,1000,0 ,0 ,@c_star,"1,099","31,399 ",0 ,0,0 ,0 
@Bifel,Merchant,,,3,"7,060 ","2,353 ",164,@Bifel,198,"5,651 ",0 ,0,0 ,0 ,@Bobsterj4,0,0 ,0 ,0,0 ,0 ,@Cajuns,"8,452","220,606 ","20,888 ",0,0 ,0 
@Bishop466,Merchant,,,3,"4,209 ","1,403 ",240,@Bishop466,51,"1,458 ",0 ,0,0 ,0 ,@Borntrippy,"9,577","202,204 ",0 ,5000,0 ,0 ,@CandethMartine,0,0 ,0 ,0,0 ,0 
@BlackestBeast,Peddler,,,3,"1,000 ",333 ,360,@BlackestBeast,"1,000",0 ,0 ,2000,0 ,0 ,@BoromirWolfsBane,"1,575","30,700 ",0 ,1000,0 ,0 ,@capt.moustache,"1,055",978 ,592 ,2000,0 ,0 
@BLACKxxxICE,Mogul,,,2,"35,954 ","17,977 ",26,@BLACKxxxICE,"3,843","109,814 ",0 ,0,0 ,0 ,@Brady-21,277,"7,925 ",0 ,0,0 ,0 ,@captain.america,591,"16,878 ",0 ,0,0 ,0 
@BLourenco,Mogul,,,3,"35,999 ","12,000 ",25,@BLourenco,"2,608","51,638 ","22,871 ",0,0 ,0 ,@Brakarde,"2,178","38,718 ","9,234 ",1000,0 ,0 ,@carl.gustav,0,0 ,0 ,0,0 ,0 
@BluestBean,Peddler,,,3,"1,624 ",541 ,344,@BluestBean,63,"1,791 ",0 ,0,0 ,0 ,@Brakes4Roots,"1,651","18,594 ",18 ,2000,0 ,0 ,@Caz,"9,575","201,437 ","43,568 ",2000,0 ,0 
@blyndside,Merchant,,,2,"5,876 ","2,938 ",191,@blyndside,"2,790","79,700 ",0 ,0,0 ,0 ,@BrandonRisell,23,649 ,0 ,0,0 ,0 ,@Cixa,"3,257","93,050 ",0 ,0,0 ,0 
@Bobsterj4,Peddler,,,2,0 ,0 ,,@Bobsterj4,0,0 ,0 ,0,0 ,0 ,@Britomartis,0,0 ,0 ,0,0 ,0 ,@colig,"2,338","66,808 ",0 ,0,0 ,0 
@Boneyboy,Associate,Peddler,,1,24 ,24 ,420,@Boneyboy,24,695 ,0 ,0,0 ,0 ,@Brownbear1992,500,0 ,0 ,1000,0 ,0 ,@Cooki3Demon,970,"25,200 ","2,500 ",0,0 ,0 
@boombaby123,Associate,Peddler,,1,0 ,0 ,,@boombaby123,0,0 ,0 ,0,0 ,0 ,@BRP1970,"20,713","377,500 ",0 ,15000,0 ,0 ,@Cosmo,"9,874","227,600 ","54,516 ",0,0 ,0 
@Boondocks1148,Associate,Merchant,,1,"1,075 ","1,075 ",357,@Boondocks1148,"1,075","30,713 ",0 ,0,0 ,0 ,@bydi,0,0 ,0 ,0,0 ,0 ,@CptMarvel,"4,928","22,010 ","4,497 ",8000,0 ,0 
@Borntrippy,Mogul,,Merchant,3,"20,447 ","6,816 ",48,@Borntrippy,175,"5,005 ",0 ,0,0 ,0 ,@c_star,710,"20,295 ",0 ,0,0 ,0 ,@crunchyro11,"3,847","109,928 ",0 ,0,0 ,0 
@BoromirWolfsBane,Peddler,,,3,"1,869 ",623 ,329,@BoromirWolfsBane,32,900 ,0 ,0,0 ,0 ,@Cajuns,"2,246","29,311 ","34,865 ",0,0 ,0 ,@cxd5016,183,0 ,"5,237 ",0,0 ,0 
@Brady-21,Merchant,,Peddler,3,"2,525 ",842 ,300,@Brady-21,88,"2,500 ",0 ,0,0 ,0 ,@Canadianbacon21,"4,053","109,400 ","6,396 ",0,0 ,0 ,@Cyrik1,"7,959","227,411 ",0 ,0,0 ,0 
@Brakarde,Merchant,,,2,"3,880 ","1,940 ",251,@Brakarde,"1,702","1,700 ","18,346 ",2000,0 ,0 ,@CandethMartine,"2,039",0 ,"1,120 ",4000,0 ,0 ,@dadzilla11,"18,480","28,000 ",0 ,35000,0 ,0 
@Brakes4Roots,Merchant,,,2,"4,639 ","2,319 ",226,@Brakes4Roots,"2,987","27,704 ",500 ,4000,0 ,0 ,@capt.moustache,"3,861","110,181 ",123 ,0,0 ,0 ,@dane3694,56,"1,600 ",0 ,0,0 ,0 
@BrandonRisell,Peddler,,,2,196 ,98 ,405,@BrandonRisell,173,"4,941 ",0 ,0,0 ,0 ,@captain.america,"1,111","31,732 ",0 ,0,0 ,0 ,@dangevin,"5,635","161,000 ",0 ,0,0 ,0 
@Brentielal1123,Associate,Merchant,,1,"5,000 ","5,000 ",217,@Brentielal1123,"5,000",0 ,0 ,10000,0 ,0 ,@carl.gustav,0,0 ,0 ,0,0 ,0 ,@DAREIGNER,0,0 ,0 ,0,0 ,0 
@Britomartis,Peddler,,,3,0 ,0 ,,@Britomartis,0,0 ,0 ,0,0 ,0 ,@Caz,"49,836","1,252,464 ",0 ,12000,0 ,0 ,@Darkhibryd,0,0 ,0 ,0,0 ,0 
@Brownbear1992,Peddler,,,3,500 ,167 ,390,@Brownbear1992,0,0 ,0 ,0,0 ,0 ,@Cixa,"3,586","98,890 ","3,579 ",0,0 ,0 ,@Darreus,"33,521",0 ,"1,499 ",0,0 ,"33,469 "
@BRP1970,Mogul,,,3,"48,954 ","16,318 ",14,@BRP1970,"10,779","21,810 ",422 ,0,"10,001 ",0 ,@colig,"2,686","76,742 ",0 ,0,0 ,0 ,@DaveMoeDee,203,"5,795 ",0 ,0,0 ,0 
@bydi,Peddler,,,3,0 ,0 ,,@bydi,0,0 ,0 ,0,0 ,0 ,@Cooki3Demon,"3,332","90,900 ","4,301 ",0,0 ,0 ,@DeanGrey,636,"18,164 ",0 ,0,0 ,0 
@c_star,Peddler,Merchant,,3,"3,750 ","1,250 ",257,@c_star,"1,940","55,442 ",0 ,0,0 ,0 ,@Cosmicwjsn,14,392 ,0 ,0,0 ,0 ,@Deathskaull,"1,873","19,496 ","5,445 ",2000,0 ,0 
@Cajuns,Merchant,,,3,"11,615 ","3,872 ",109,@Cajuns,917,"26,200 ",0 ,0,0 ,0 ,@Cosmo,"2,486","47,666 ","23,371 ",0,0 ,0 ,@decaprime,"2,281","61,532 ","3,640 ",0,0 ,0 
@Canadianbacon21,Merchant,,,2,"4,301 ","2,151 ",235,@Canadianbacon21,249,"7,100 ",0 ,0,0 ,0 ,@CptMarvel,"7,976","68,711 ","73,473 ",6000,0 ,0 ,@DGT3XASFinest,28,802 ,0 ,0,0 ,0 
@CandethMartine,Merchant,,,3,"3,539 ","1,180 ",268,@CandethMartine,"1,500",0 ,0 ,3000,0 ,0 ,@crunchyro11,"5,144","146,979 ",0 ,0,0 ,0 ,@Dhuran,"7,918","83,370 ",0 ,10000,0 ,0 
@capt.moustache,Merchant,,,3,"5,917 ","1,972 ",189,@capt.moustache,"1,001",0 ,0 ,0,"1,001 ",0 ,@cxd5016,"7,507","182,844 ","31,653 ",0,0 ,0 ,@dmegnin,0,0 ,0 ,0,0 ,0 
@captain.america,Peddler,,,3,"2,463 ",821 ,303,@captain.america,762,"21,772 ",0 ,0,0 ,0 ,@Cyrik1,"5,036","143,899 ",0 ,0,0 ,0 ,@doomking,983,"13,814 ",0 ,1000,0 ,0 
@carl.gustav,Peddler,,,3,0 ,0 ,,@carl.gustav,0,0 ,0 ,0,0 ,0 ,@dadzilla11,"4,677","17,900 ","1,445 ",8000,0 ,0 ,@Downshadow17,"1,616","17,559 ",0 ,0,"1,001 ",0 
@Caz,Mogul,,,3,"72,470 ","24,157 ",11,@Caz,"13,059","373,113 ",0 ,0,0 ,0 ,@Dalgar,"1,872","53,253 ",238 ,0,0 ,0 ,@dragonpriest85,70,0 ,"1,990 ",0,0 ,0 
@ChrisG592,Associate,Peddler,,1,38 ,38 ,419,@ChrisG592,38,0 ,"1,079 ",0,0 ,0 ,@dane3694,4,100 ,0 ,0,0 ,0 ,@DrBot,"12,438","355,362 ",0 ,0,0 ,0 
@Chugtug,Associate,Peddler,,1,0 ,0 ,,@Chugtug,0,0 ,0 ,0,0 ,0 ,@dangevin,"5,017","143,341 ",0 ,0,0 ,0 ,@DrBrunheimen,"1,505","43,001 ",0 ,0,0 ,0 
@Cixa,Merchant,,,3,"8,330 ","2,777 ",146,@Cixa,"1,487","42,000 ",479 ,0,0 ,0 ,@DAREIGNER,0,0 ,0 ,0,0 ,0 ,@Dreadstroke,642,"4,050 ",0 ,1000,0 ,0 
@colig,Merchant,,,3,"6,519 ","2,173 ",180,@colig,"1,495","42,702 ",0 ,0,0 ,0 ,@Darkhibryd,"1,000",0 ,0 ,2000,0 ,0 ,@drummaster015,"1,269","35,815 ",440 ,0,0 ,0 
@Cooki3Demon,Merchant,,,3,"5,002 ","1,667 ",216,@Cooki3Demon,700,"18,700 ","1,300 ",0,0 ,0 ,@DarkPG,"3,146","89,874 ",0 ,0,0 ,0 ,@DSRVDiver,973,"27,800 ",0 ,0,0 ,0 
@Cosmicwjsn,Peddler,,,2,"1,773 ",886 ,335,@Cosmicwjsn,"1,759","21,653 ",0 ,0,"1,001 ",0 ,@Darreus,"2,266","64,750 ",0 ,0,0 ,0 ,@Eclayden,"1,799","35,927 ","1,200 ",1000,0 ,0 
@Cosmo,Merchant,,,3,"12,437 ","4,146 ",102,@Cosmo,77,"2,202 ",0 ,0,0 ,0 ,@DaveMoeDee,"2,755","78,705 ",0 ,0,0 ,0 ,@Eclipsewolf,"135,348","279,688 ","2,000 ",25000,0 ,"112,989 "
@CptMarvel,Merchant,,,3,"13,441 ","4,480 ",92,@CptMarvel,536,"15,325 ",0 ,0,0 ,0 ,@dcsokes,"105,379","19,028 ","5,200 ",35000,"1,001 ","86,030 ",@eldrplyr,"1,778","50,800 ",0 ,0,0 ,0 
@crunchyro11,Merchant,,,3,"9,233 ","3,078 ",137,@crunchyro11,242,"6,903 ",0 ,0,0 ,0 ,@DeanGrey,"1,122","32,055 ",0 ,0,0 ,0 ,@Elendira,"2,246","35,300 ",300 ,2000,0 ,0 
@cxd5016,Merchant,,,3,"17,434 ","5,811 ",69,@cxd5016,"9,743","259,856 ","18,528 ",0,0 ,0 ,@Deathskaull,"5,857","133,789 ","4,973 ",2000,0 ,0 ,@Elewem,0,0 ,0 ,0,0 ,0 
@cynnix,Associate,Peddler,,1,0 ,0 ,,@cynnix,0,0 ,0 ,0,0 ,0 ,@decaprime,"1,205","23,499 ","10,916 ",0,0 ,0 ,@Emberwen,"2,836","38,161 ",0 ,3000,0 ,0 
@Cyrik1,Merchant,,,3,"18,045 ","6,015 ",67,@Cyrik1,"5,049","97,165 ","18,520 ",2000,0 ,0 ,@Delle561,"2,500",0 ,0 ,5000,0 ,0 ,@Ephigy1,"4,905","129,155 ","10,999 ",0,0 ,0 
@dadzilla11,Mogul,,,3,"103,225 ","34,408 ",8,@dadzilla11,"80,068","36,475 ",0 ,5000,0 ,"76,291 ",@Deregith,"1,502","42,000 ",920 ,0,0 ,0 ,@EpicOverKill,"10,751","235,345 ","71,837 ",0,0 ,0 
@dakime,Associate,Merchant,,1,"3,572 ","3,572 ",266,@dakime,"3,572","92,050 ","10,000 ",0,0 ,0 ,@Dervenin,264,"6,680 ",862 ,0,0 ,0 ,@etherin77,"39,040","78,472 ",803 ,66000,0 ,"3,265 "
@Dalgar,Merchant,,,2,"6,859 ","3,429 ",171,@Dalgar,"4,987","71,044 ",0 ,5000,0 ,0 ,@DGT3XASFinest,586,"16,740 ",0 ,0,0 ,0 ,@eushwa27,1,32 ,0 ,0,0 ,0 
@dane3694,Peddler,,,3,60 ,20 ,417,@dane3694,0,0 ,0 ,0,0 ,0 ,@Dhuran,"4,591","131,185 ",0 ,0,0 ,0 ,@evandraughon,19,553 ,0 ,0,0 ,0 
@dangevin,Merchant,,,3,"13,179 ","4,393 ",95,@dangevin,"2,527","72,200 ",0 ,0,0 ,0 ,@Dinurth,0,0 ,0 ,0,0 ,0 ,@EvoKrazy,"6,324","141,836 ","10,289 ",2000,0 ,0 
@DAREIGNER,Peddler,,,3,0 ,0 ,,@DAREIGNER,0,0 ,0 ,0,0 ,0 ,@dmegnin,0,0 ,0 ,0,0 ,0 ,@Ewal,"1,873","24,934 ",0 ,2000,0 ,0 
@Darkhibryd,Peddler,,,3,"1,000 ",333 ,360,@Darkhibryd,0,0 ,0 ,0,0 ,0 ,@dog8dog,"19,312","81,228 ",27 ,5000,0 ,"13,968 ",@eXnihilO1187,"3,534","79,380 ","21,600 ",0,0 ,0 
@DarkPG,Merchant,,,2,"5,665 ","2,832 ",196,@DarkPG,"2,519","71,973 ",0 ,0,0 ,0 ,@doomking,915,"26,130 ",0 ,0,0 ,0 ,@Extraegis,"3,377","96,498 ",0 ,0,0 ,0 
@Darreus,Mogul,,,3,"38,621 ","12,874 ",22,@Darreus,"2,834","78,008 ","2,954 ",0,0 ,0 ,@Downshadow17,0,0 ,0 ,0,0 ,0 ,@EyeCEwe,"3,147","18,490 ",0 ,5000,0 ,0 
@DaveMoeDee,Merchant,,,3,"7,667 ","2,556 ",154,@DaveMoeDee,"4,709","134,151 ",400 ,0,0 ,0 ,@dragonpriest85,524,0 ,684 ,1000,0 ,0 ,@Far_eye,"17,796","222,720 ",0 ,0,"10,001 ",0 
@dcsokes,Maverick,,,2,"283,699 ","141,850 ",2,@dcsokes,"178,320","22,548 ","9,174 ",15000,"15,001 ","154,709 ",@drahma,234,0 ,"6,699 ",0,0 ,0 ,@farmfroot21,"2,645","56,778 ","18,800 ",0,0 ,0 
@DeanGrey,Peddler,,,3,"1,927 ",642 ,327,@DeanGrey,170,"4,843 ",0 ,0,0 ,0 ,@DrBot,"51,956","1,095,474 ","246,126 ",10000,0 ,0 ,@fathijc,193,"5,500 ",0 ,0,0 ,0 
@Deathskaull,Merchant,,,3,"11,856 ","3,952 ",107,@Deathskaull,"4,127","88,840 ",499 ,2000,0 ,0 ,@DrBrunheimen,"1,225","35,000 ",0 ,0,0 ,0 ,@fernowl,833,"23,802 ",0 ,0,0 ,0 
@decaprime,Merchant,,,3,"16,588 ","5,529 ",74,@decaprime,"13,102","366,665 ","7,683 ",0,0 ,0 ,@Dreadstroke,28,800 ,0 ,0,0 ,0 ,@Figglesworth,"3,661","57,262 ","4,439 ",1000,"1,001 ",0 
@Delle561,Merchant,,,2,"14,232 ","7,116 ",84,@Delle561,"11,732","162,063 ","73,097 ",5000,"1,001 ",0 ,@drummaster015,372,"10,617 ",0 ,0,0 ,0 ,@Finn1978,"9,010","37,629 ","5,500 ",10000,"2,500 ",0 
@delscorcho,Associate,Peddler,,1,214 ,214 ,402,@delscorcho,214,"4,906 ","1,195 ",0,0 ,0 ,@DSRVDiver,483,"13,800 ",0 ,0,0 ,0 ,@Fireflysummer92,42,"1,200 ",0 ,0,0 ,0 
@Deregith,Merchant,,,2,"3,386 ","1,693 ",272,@Deregith,"1,883","53,810 ",0 ,0,0 ,0 ,@DukeSilver,81,"2,315 ",0 ,0,0 ,0 ,@firstmanonmars06,"6,058","44,500 ",0 ,9000,0 ,0 
@Dervenin,Peddler,,,2,"1,927 ",963 ,328,@Dervenin,"1,663","18,935 ",0 ,2000,0 ,0 ,@Eclayden,"1,130","2,704 ","1,000 ",2000,0 ,0 ,@flameborne,"3,812","76,350 ","32,563 ",0,0 ,0 
@DGT3XASFinest,Peddler,,,3,666 ,222 ,378,@DGT3XASFinest,52,"1,474 ",0 ,0,0 ,0 ,@Eclipsewolf,"130,454","149,423 ","40,495 ",20000,0 ,"113,807 ",@Forcystus88,"247,147","743,024 ","30,227 ",175000,"50,001 ","82,582 "
@Dhuran,Merchant,,,3,"19,580 ","6,527 ",51,@Dhuran,"7,070","59,150 ",0 ,10000,0 ,0 ,@eldrplyr,"1,557","44,498 ",0 ,0,0 ,0 ,@ForeignGamer,"63,634","1,603,437 ",400 ,15000,0 ,0 
@Dinurth,Peddler,Merchant,,2,"2,300 ","1,150 ",310,@Dinurth,"2,300",0 ,"37,134 ",2000,0 ,0 ,@Elendira,"2,598","53,434 ","6,501 ",1000,0 ,0 ,@forevercha0s,"1,408","40,236 ",0 ,0,0 ,0 
@dmegnin,Peddler,Merchant,,3,"5,175 ","1,725 ",211,@dmegnin,"5,175","5,000 ",0 ,10000,0 ,0 ,@Elewem,"6,666","188,924 ","1,526 ",0,0 ,0 ,@Foxphyre,787,"8,194 ",0 ,1000,0 ,0 
@dog8dog,Mogul,,,2,"22,628 ","11,314 ",40,@dog8dog,"3,316","23,316 ",0 ,5000,0 ,0 ,@Emberwen,"2,317","59,203 ","7,000 ",0,0 ,0 ,@Francopoli,"1,772","13,225 ","8,819 ",2000,0 ,0 
@doomking,Peddler,,,3,"2,923 ",974 ,283,@doomking,"1,025","29,277 ",0 ,0,0 ,0 ,@Ephigy1,"5,224","76,635 ","1,200 ",5000,0 ,0 ,@Freshmyntz,147,"4,200 ",0 ,0,0 ,0 
@Downshadow17,Peddler,,,3,"2,617 ",872 ,295,@Downshadow17,"1,001",0 ,0 ,0,"1,001 ",0 ,@EpicOverKill,"4,926","140,739 ",0 ,0,0 ,0 ,@Frightstorm,"10,814","308,971 ",0 ,0,0 ,0 
@dragonpriest85,Peddler,,,3,594 ,198 ,381,@dragonpriest85,0,0 ,0 ,0,0 ,0 ,@eskur,"1,943","55,500 ",0 ,0,0 ,0 ,@FthulRith,"2,865","23,136 ","15,866 ",3000,0 ,0 
@drahma,Peddler,Merchant,,2,"2,162 ","1,081 ",314,@drahma,"1,928","26,019 ",490 ,2000,0 ,0 ,@EsoneMiara,"1,420","40,568 ",0 ,0,0 ,0 ,@FyreHex,"9,462","165,100 ","19,528 ",6000,0 ,0 
@DrBot,Mogul,,,3,"111,425 ","37,142 ",5,@DrBot,"47,031","1,198,596 ","2,300 ",10000,0 ,0 ,@etherin77,"4,557","43,011 ","15,758 ",5000,0 ,0 ,@Galdwel,0,0 ,0 ,0,0 ,0 
@DrBrunheimen,Guild Booster,,,3,"7,730 ","2,577 ",,@DrBrunheimen,"5,000",0 ,0 ,10000,0 ,0 ,@eushwa27,227,"6,484 ",0 ,0,0 ,0 ,@GinMartini,150,"4,287 ",0 ,0,0 ,0 
@Dreadstroke,Peddler,,,3,810 ,270 ,371,@Dreadstroke,140,"4,000 ",0 ,0,0 ,0 ,@evandraughon,4,100 ,0 ,0,0 ,0 ,@Gnute,"1,876","51,707 ","1,906 ",0,0 ,0 
@Drexo,Associate,Peddler,,1,0 ,0 ,,@Drexo,0,0 ,0 ,0,0 ,0 ,@EvoKrazy,"3,231","89,810 ","2,500 ",0,0 ,0 ,@Gorthour_Decievers,"2,137","30,995 ","1,499 ",2000,0 ,0 
@drummaster015,Peddler,,,3,"1,711 ",570 ,337,@drummaster015,70,"2,000 ",0 ,0,0 ,0 ,@Ewal,"1,511","14,613 ",0 ,2000,0 ,0 ,@grahamcr4cker,555,"1,575 ",0 ,1000,0 ,0 
@DSRVDiver,Peddler,Merchant,,3,"3,031 ","1,010 ",281,@DSRVDiver,"1,575","45,000 ",0 ,0,0 ,0 ,@eXnihilO1187,403,"11,525 ",0 ,0,0 ,0 ,@Grand_Jury,800,"22,855 ",0 ,0,0 ,0 
@DukeSilver,Peddler,,,2,588 ,294 ,382,@DukeSilver,507,"14,474 ",0 ,0,0 ,0 ,@Extraegis,"4,076","116,448 ",0 ,0,0 ,0 ,@Greg3131,"1,788","51,092 ",0 ,0,0 ,0 
@Eclayden,Merchant,,,3,"4,273 ","1,424 ",236,@Eclayden,"1,344","9,818 ",0 ,2000,0 ,0 ,@EyeCEwe,576,"16,446 ",0 ,0,0 ,0 ,@Grimlok_Stormshatter,"5,822","94,235 ","72,099 ",0,0 ,0 
@Eclipsewolf,Guild Officer,,,3,"305,176 ","101,725 ",,@Eclipsewolf,"39,374","90,317 ",0 ,50000,0 ,"11,213 ",@Far_eye,"156,175","961,998 ",0 ,5000,"60,451 ","59,554 ",@Grimnoc,"2,733","71,229 ","6,861 ",0,0 ,0 
@eldrplyr,Merchant,,,3,"4,851 ","1,617 ",223,@eldrplyr,"1,515","2,700 ","40,593 ",0,0 ,0 ,@farmfroot21,"1,920","54,863 ",0 ,0,0 ,0 ,@Grixlow,"9,870","107,754 ","31,391 ",10000,0 ,0 
@Elendira,Merchant,,,3,"7,707 ","2,569 ",153,@Elendira,"2,863","65,571 ","1,947 ",1000,0 ,0 ,@fathijc,0,0 ,0 ,0,0 ,0 ,@GrognakTheBarbarian,"1,806","51,595 ",0 ,0,0 ,0 
@Elewem,Merchant,,,3,"11,407 ","3,802 ",112,@Elewem,"4,741","135,457 ",0 ,0,0 ,0 ,@fernowl,385,"10,999 ",0 ,0,0 ,0 ,@gunnerjb,0,0 ,0 ,0,0 ,0 
@Emberwen,Merchant,,,3,"7,540 ","2,513 ",157,@Emberwen,"2,387","25,338 ",0 ,3000,0 ,0 ,@Figglesworth,"1,805","51,567 ",0 ,0,0 ,0 ,@Hachidai,"13,138","232,510 ",0 ,10000,0 ,0 
@Ephigy1,Merchant,,,3,"16,904 ","5,635 ",73,@Ephigy1,"6,774","87,623 ","34,495 ",5000,0 ,0 ,@Finn1978,"1,254","15,847 ","19,995 ",0,0 ,0 ,@HagilisAlbador,683,"16,659 ","2,842 ",0,0 ,0 
@EpicOverKill,Merchant,,,3,"22,052 ","7,351 ",43,@EpicOverKill,"6,375","149,172 ","32,967 ",0,0 ,0 ,@Fireflysummer92,675,0 ,"4,999 ",1000,0 ,0 ,@halerazor47,"4,014","73,771 ","26,615 ",1000,0 ,0 
@eskur,Merchant,,,2,"7,412 ","3,706 ",158,@eskur,"5,470","156,276 ",0 ,0,0 ,0 ,@firstmanonmars06,"3,379","3,600 ","21,500 ",5000,0 ,0 ,@Harlatan,207,"5,900 ",0 ,0,0 ,0 
@EsoneMiara,Merchant,,,2,"3,920 ","1,960 ",248,@EsoneMiara,"2,500",0 ,0 ,5000,0 ,0 ,@flameborne,"2,609","72,980 ","1,550 ",0,0 ,0 ,@harzlot,"1,709","48,820 ",0 ,0,0 ,0 
@etherin77,Mogul,,,3,"58,978 ","19,659 ",12,@etherin77,"15,381","7,999 ","2,895 ",30000,0 ,0 ,@Fnoggins,49,"1,398 ",0 ,0,0 ,0 ,@Haxrawr,"4,758","126,150 ","9,800 ",0,0 ,0 
@eushwa27,Peddler,,,3,"2,341 ",780 ,308,@eushwa27,"2,113","3,237 ",0 ,4000,0 ,0 ,@Forcystus88,"356,826","640,218 ",600 ,105000,"200,001 ","81,896 ",@Hellbound394,0,0 ,0 ,0,0 ,0 
@evandraughon,Peddler,,,3,23 ,8 ,421,@evandraughon,0,0 ,0 ,0,0 ,0 ,@ForeignGamer,"12,306","351,609 ",0 ,0,0 ,0 ,@HidnPistol27,"1,540","43,999 ",0 ,0,0 ,0 
@Ewal,Merchant,,,3,"4,694 ","1,565 ",225,@Ewal,"1,309","8,841 ",0 ,2000,0 ,0 ,@forevercha0s,"2,329","59,253 ","7,300 ",0,0 ,0 ,@HighTekWiz,233,"6,650 ",0 ,0,0 ,0 
@eXnihilO1187,Merchant,,,3,"5,432 ","1,811 ",203,@eXnihilO1187,"1,494","42,695 ",0 ,0,0 ,0 ,@Foxphyre,5,150 ,0 ,0,0 ,0 ,@Hiram_Abiff,5,141 ,0 ,0,0 ,0 
@Extraegis,Merchant,,,3,"8,748 ","2,916 ",143,@Extraegis,"1,295","37,010 ",0 ,0,0 ,0 ,@Francopoli,"1,419","31,928 ","8,606 ",0,0 ,0 ,@HolyKnight715,"1,260","36,000 ",0 ,0,0 ,0 
@EyeCEwe,Merchant,,,3,"3,723 ","1,241 ",259,@EyeCEwe,0,0 ,0 ,0,0 ,0 ,@Freshmyntz,0,0 ,0 ,0,0 ,0 ,@homeofpoe,0,0 ,0 ,0,0 ,0 
@Far_eye,Shareholder,,,3,"196,001 ","65,334 ",,@Far_eye,"22,030","557,999 ",0 ,5000,0 ,0 ,@Frightstorm,"5,310","151,710 ",0 ,0,0 ,0 ,@IamGaryStevens,"9,131","230,955 ","1,367 ",2000,0 ,0 
@farmfroot21,Merchant,,,3,"6,490 ","2,163 ",182,@farmfroot21,"1,925","13,606 ","27,100 ",1000,0 ,0 ,@FthulRith,"15,470","352,521 ","46,618 ",3000,0 ,0 ,@IDankest,183,0 ,"5,220 ",0,0 ,0 
@fathijc,Peddler,,,3,193 ,64 ,406,@fathijc,0,0 ,0 ,0,0 ,0 ,@Fylkirate,0,0 ,0 ,0,0 ,0 ,@idomyownstunts,"27,979","8,165 ","5,511 ",55000,0 ,0 
@fernowl,Peddler,,,3,"1,218 ",406 ,354,@fernowl,0,0 ,0 ,0,0 ,0 ,@FyreHex,"6,621","110,355 ","35,953 ",3000,0 ,0 ,@iiSeaBearz,0,0 ,0 ,0,0 ,0 
@Figglesworth,Merchant,,,3,"15,770 ","5,257 ",77,@Figglesworth,"10,304","3,135 ","2,705 ",0,"10,100 ",0 ,@Galdwel,"6,421","183,459 ",0 ,0,0 ,0 ,@IKURUPT,735,0 ,"21,000 ",0,0 ,0 
@Finn1978,Guild Officer,,,3,"11,974 ","3,991 ",,@Finn1978,"1,710","20,285 ",0 ,2000,0 ,0 ,@GinMartini,0,0 ,0 ,0,0 ,0 ,@Intermission,449,"10,450 ","2,388 ",0,0 ,0 
@Fireflysummer92,Peddler,,,3,717 ,239 ,376,@Fireflysummer92,0,0 ,0 ,0,0 ,0 ,@Gnute,347,0 ,"9,911 ",0,0 ,0 ,@iownskillz,0,0 ,0 ,0,0 ,0 
@firstmanonmars06,Merchant,,,3,"10,312 ","3,437 ",125,@firstmanonmars06,876,"8,300 ","16,725 ",0,0 ,0 ,@Gorthour_Decievers,"2,962","83,520 ","1,100 ",0,0 ,0 ,@iratus_simium,"17,208","61,525 ","1,555 ",30000,0 ,0 
@flameborne,Merchant,,,3,"8,550 ","2,850 ",144,@flameborne,"2,129","20,575 ","11,691 ",2000,0 ,0 ,@grahamcr4cker,21,594 ,0 ,0,0 ,0 ,@îssües0723,0,0 ,0 ,0,0 ,0 
@Fnoggins,Peddler,,,2,905 ,453 ,369,@Fnoggins,856,"24,470 ",0 ,0,0 ,0 ,@Grand_Jury,"6,661","156,823 ","33,500 ",0,0 ,0 ,@Iszara,0,0 ,0 ,0,0 ,0 
@Forcystus88,Shareholder,,,3,"928,103 ","309,368 ",,@Forcystus88,"324,130","486,345 ","2,350 ",50000,"100,001 ","182,025 ",@Greg3131,18,510 ,0 ,0,0 ,0 ,@ithuviel22,"1,435","40,950 ",46 ,0,0 ,0 
@ForeignGamer,Mogul,,,3,"81,563 ","27,188 ",10,@ForeignGamer,"5,623","160,650 ",0 ,0,0 ,0 ,@Gremilin,"2,344","9,829 ",0 ,4000,0 ,0 ,@Itoq,"151,465","3,296,524 ","73,891 ",67000,0 ,0 
@forevercha0s,Merchant,,,3,"15,852 ","5,284 ",76,@forevercha0s,"12,114","162,895 ","40,374 ",10000,0 ,0 ,@Grench,726,"20,750 ",0 ,0,0 ,0 ,@itsabeta,"3,496","99,876 ",0 ,0,0 ,0 
@Foxphyre,Peddler,,,3,792 ,264 ,373,@Foxphyre,0,0 ,0 ,0,0 ,0 ,@Grimlok_Stormshatter,"14,846","424,170 ",0 ,0,0 ,0 ,@IvoryShade,"1,567","44,453 ",329 ,0,0 ,0 
@Francopoli,Merchant,,,3,"6,851 ","2,284 ",172,@Francopoli,"3,661","100,926 ","3,661 ",0,0 ,0 ,@Grimnoc,41,"1,183 ",0 ,0,0 ,0 ,@Ixtyr,"530,316","323,325 ",0 ,-1038000,"1,038,000 ",0 
@Freshmyntz,Peddler,,,3,196 ,65 ,404,@Freshmyntz,49,"1,400 ",0 ,0,0 ,0 ,@Grixlow,"1,846","41,590 ","11,144 ",0,0 ,0 ,@Ixtyr2,"2,333","66,650 ",0 ,0,0 ,0 
@Frightstorm,Merchant,,,3,"19,108 ","6,369 ",53,@Frightstorm,"2,984","85,250 ",0 ,0,0 ,0 ,@GrognakTheBarbarian,"3,651","104,300 ",0 ,0,0 ,0 ,@Izome,173,"4,899 ",50 ,0,0 ,0 
@FthulRith,Merchant,,,3,"21,613 ","7,204 ",45,@FthulRith,"3,278","48,194 ","2,596 ",3000,0 ,0 ,@gunnerjb,"3,479","99,400 ",0 ,0,0 ,0 ,@jameson314,"2,123","31,050 ","29,600 ",0,0 ,0 
@Fylkirate,Peddler,,,2,995 ,497 ,366,@Fylkirate,995,850 ,0 ,0,0 ,965 ,@Hachidai,"1,050","30,000 ",0 ,0,0 ,0 ,@JayesGaming,"4,014","51,875 ","62,815 ",0,0 ,0 
@FyreHex,Merchant,,,3,"25,540 ","8,513 ",34,@FyreHex,"9,457","226,350 ","1,000 ",3000,0 ,0 ,@HagilisAlbador,"3,033","86,650 ",0 ,0,0 ,0 ,@jcmortemore,"2,947","84,200 ",0 ,0,0 ,0 
@Galdwel,Merchant,,,3,"11,511 ","3,837 ",111,@Galdwel,"5,090","143,101 ","2,334 ",0,0 ,0 ,@halerazor47,"3,421","45,958 ","8,907 ",1000,"1,001 ",0 ,@jklanecky,0,0 ,0 ,0,0 ,0 
@Garof,Associate,Peddler,,1,541 ,541 ,386,@Garof,541,"15,457 ",0 ,0,0 ,0 ,@Harlatan,"1,531","43,734 ",0 ,0,0 ,0 ,@JobooAGS,"54,930","48,722 ","22,677 ",0,0 ,"52,431 "
@GinMartini,Peddler,,,3,150 ,50 ,410,@GinMartini,0,0 ,0 ,0,0 ,0 ,@harzlot,665,"18,999 ",0 ,0,0 ,0 ,@JoedaJoeCheese,"3,211","89,100 ","2,652 ",0,0 ,0 
@Gnute,Merchant,,,3,"3,971 ","1,324 ",245,@Gnute,"1,747","5,000 ","44,928 ",0,0 ,0 ,@Haxrawr,875,"18,500 ","6,500 ",0,0 ,0 ,@joeyjelinek,"13,038","372,525 ",0 ,0,0 ,0 
@Gorthour_Decievers,Merchant,,,3,"8,890 ","2,963 ",141,@Gorthour_Decievers,"3,791","83,240 ","25,087 ",0,0 ,0 ,@HidnPistol27,962,"27,499 ",0 ,0,0 ,0 ,@JohJohOneThousand,"1,573","19,060 ","25,869 ",0,0 ,0 
@grahamcr4cker,Peddler,,,3,576 ,192 ,383,@grahamcr4cker,0,0 ,0 ,0,0 ,0 ,@HighTekWiz,"9,573","235,270 ","38,257 ",0,0 ,0 ,@jpowts,"1,789","22,006 ",500 ,0,"1,001 ",0 
@Grand_Jury,Merchant,,,3,"8,781 ","2,927 ",142,@Grand_Jury,"1,320","33,500 ","4,200 ",0,0 ,0 ,@Hiram_Abiff,0,0 ,0 ,0,0 ,0 ,@jucalme,"1,193","34,097 ",0 ,0,0 ,0 
@Greg3131,Peddler,,,3,"1,806 ",602 ,332,@Greg3131,0,0 ,0 ,0,0 ,0 ,@HolyKnight715,0,0 ,0 ,0,0 ,0 ,@JustJoshn,500,0 ,0 ,1000,0 ,0 
@Gremilin,Merchant,,,2,"6,885 ","3,443 ",170,@Gremilin,"4,541","63,394 ","9,214 ",4000,0 ,0 ,@homeofpoe,0,0 ,0 ,0,0 ,0 ,@jwest4617,"2,201","5,735 ",0 ,4000,0 ,0 
@Grench,Peddler,Merchant,,2,"2,279 ","1,140 ",311,@Grench,"1,553","44,300 ",75 ,0,0 ,0 ,@IamGaryStevens,"14,114","330,714 ","1,124 ",5000,0 ,0 ,@jwknott,"1,580","2,298 ",0 ,3000,0 ,0 
@Grimlok_Stormshatter,Mogul,,Merchant,3,"27,100 ","9,033 ",31,@Grimlok_Stormshatter,"6,432","179,787 ","3,990 ",0,0 ,0 ,@IDankest,"9,071","251,620 ","7,562 ",0,0 ,0 ,@kallan1337,"1,504","14,403 ",0 ,2000,0 ,0 
@Grimnoc,Merchant,,Peddler,3,"2,822 ",941 ,287,@Grimnoc,47,"1,354 ",0 ,0,0 ,0 ,@idomyownstunts,"13,232","20,911 ",0 ,25000,0 ,0 ,@Kato6617,610,"17,432 ",0 ,0,0 ,0 
@Grixlow,Merchant,,,3,"14,157 ","4,719 ",86,@Grixlow,"2,441","69,750 ",0 ,0,0 ,0 ,@iiSeaBearz,0,0 ,0 ,0,0 ,0 ,@katwingz,601,"17,158 ",0 ,0,0 ,0 
@GrognakTheBarbarian,Merchant,,,3,"8,051 ","2,684 ",150,@GrognakTheBarbarian,"2,594","34,250 ","39,875 ",0,0 ,0 ,@IKURUPT,201,0 ,"5,750 ",0,0 ,0 ,@kaveman88,"2,341","41,172 ",108 ,0,0 ,896 
@gunnerjb,Merchant,,,3,"6,102 ","2,034 ",186,@gunnerjb,"2,623","73,024 ","1,924 ",0,0 ,0 ,@Intermission,"2,128","59,391 ","1,400 ",0,0 ,0 ,@Kawitos,0,0 ,0 ,0,0 ,0 
@Gussygus,Associate,Peddler,,1,0 ,0 ,,@Gussygus,0,0 ,0 ,0,0 ,0 ,@iownskillz,0,0 ,0 ,0,0 ,0 ,@keeno9881,"2,008","41,686 ","15,685 ",0,0 ,0 
@Hachidai,Merchant,,,3,"17,041 ","5,680 ",71,@Hachidai,"2,854","10,100 ",0 ,5000,0 ,0 ,@iratus_simium,70,"2,000 ",0 ,0,0 ,0 ,@Kigro,680,"19,426 ",0 ,0,0 ,0 
@HagilisAlbador,Merchant,,,3,"11,153 ","3,718 ",114,@HagilisAlbador,"7,438","38,300 ",0 ,0,0 ,"6,097 ",@IronDimSim,0,0 ,0 ,0,0 ,0 ,@KilRaTiO,"5,300","99,506 ","23,338 ",2000,0 ,0 
@halerazor47,Merchant,,,3,"9,618 ","3,206 ",129,@halerazor47,"2,183","18,346 ","1,148 ",1000,"1,001 ",0 ,@îssües0723,0,0 ,0 ,0,0 ,0 ,@KingofDjinn,"3,703","30,500 ",0 ,0,0 ,"2,635 "
@Harlatan,Peddler,,,3,"2,099 ",700 ,316,@Harlatan,362,"10,350 ",0 ,0,0 ,0 ,@Iszara,0,0 ,0 ,0,0 ,0 ,@Klodn888,70,"2,000 ",0 ,0,0 ,0 
@harzlot,Merchant,,,3,"3,179 ","1,060 ",277,@harzlot,805,"22,999 ",0 ,0,0 ,0 ,@ithuviel22,"5,301","151,450 ",0 ,0,0 ,0 ,@Knapier,525,"2,781 ","12,232 ",0,0 ,0 
@Haxrawr,Merchant,,,3,"6,106 ","2,035 ",185,@Haxrawr,473,"13,500 ",0 ,0,0 ,0 ,@Itoq,"102,238","2,525,693 ","9,665 ",27000,0 ,0 ,@kobelewadejordan,0,0 ,0 ,0,0 ,0 
@Healzalittle,Associate,Mogul,,1,"13,533 ","13,533 ",90,@Healzalittle,"13,533","386,671 ",0 ,0,0 ,0 ,@itsabeta,"5,126","146,468 ",0 ,0,0 ,0 ,@Korbyn-Dallas,0,0 ,0 ,0,0 ,0 
@HidnPistol27,Merchant,,Peddler,3,"2,709 ",903 ,291,@HidnPistol27,207,"5,900 ",0 ,0,0 ,0 ,@iuoe286,742,"21,214 ",0 ,0,0 ,0 ,@KyzaFurya,"8,410","25,997 ",0 ,15000,0 ,0 
@HighTekWiz,Merchant,,,3,"12,543 ","4,181 ",99,@HighTekWiz,"2,736","78,185 ",0 ,0,0 ,0 ,@Ivan,0,0 ,0 ,0,0 ,0 ,@kzak25,0,0 ,0 ,0,0 ,0 
@Hiram_Abiff,Peddler,,,3,5 ,2 ,422,@Hiram_Abiff,0,0 ,0 ,0,0 ,0 ,@IvoryShade,107,"3,050 ",0 ,0,0 ,0 ,@LadyRae86,0,0 ,0 ,0,0 ,0 
@HolyKnight715,Peddler,,,3,"1,260 ",420 ,353,@HolyKnight715,0,0 ,0 ,0,0 ,0 ,@Ixtyr,"545,189","748,251 ",0 ,-1038000,"1,038,000 ",0 ,@Lajih,159,"4,550 ",0 ,0,0 ,0 
@homeofpoe,Peddler,,,3,0 ,0 ,,@homeofpoe,0,0 ,0 ,0,0 ,0 ,@Ixtyr2,"218,123","78,030 ","11,200 ",0,"215,000 ",0 ,@leficent,"3,540",0 ,"1,123 ",3000,"2,001 ",0 
@IamGaryStevens,Mogul,,,3,"34,514 ","11,505 ",28,@IamGaryStevens,"11,269","250,510 ",0 ,0,"2,501 ",0 ,@Izome,650,"18,577 ",0 ,0,0 ,0 ,@LenaBach,"3,303","22,950 ",0 ,5000,0 ,0 
@Ice_Cweam6,Associate,Peddler,,1,505 ,505 ,389,@Ice_Cweam6,505,130 ,0 ,1000,0 ,0 ,@J0M0,205,"5,848 ",0 ,0,0 ,0 ,@lepemetus,"5,922","26,348 ",0 ,10000,0 ,0 
@IDankest,Merchant,,,3,"10,263 ","3,421 ",126,@IDankest,"1,008","13,000 ","1,527 ",1000,0 ,0 ,@jameson314,"1,045","24,916 ","4,931 ",0,0 ,0 ,@Lexxy.13,7,192 ,0 ,0,0 ,0 
@idomyownstunts,Mogul,,,3,"43,258 ","14,419 ",17,@idomyownstunts,"2,048","13,680 ",0 ,0,0 ,"1,569 ",@JayesGaming,"2,319","66,250 ",0 ,0,0 ,0 ,@limitless71,500,0 ,0 ,1000,0 ,0 
@iggypu,Associate,Merchant,,1,"1,641 ","1,641 ",343,@iggypu,"1,641",0 ,"3,995 ",1000,"1,001 ",0 ,@jcmortemore,222,"6,350 ",0 ,0,0 ,0 ,@LIQUIDJ37,427,"12,200 ",0 ,0,0 ,0 
@iiSeaBearz,Peddler,,,3,0 ,0 ,,@iiSeaBearz,0,0 ,0 ,0,0 ,0 ,@jklanecky,768,"21,936 ",0 ,0,0 ,0 ,@lonephoenix13,"3,943","55,527 ",0 ,4000,0 ,0 
@IKURUPT,Peddler,,,3,936 ,312 ,368,@IKURUPT,0,0 ,0 ,0,0 ,0 ,@JobooAGS,"89,189","119,566 ","76,750 ",0,0 ,"82,318 ",@LordOfWar515,"8,833","72,755 ",775 ,0,0 ,"6,259 "
@Imzadicus,Associate,Mogul,,1,"23,000 ","23,000 ",39,@Imzadicus,"23,000",0 ,0 ,2000,0 ,"22,000 ",@JoedaJoeCheese,"1,862","53,200 ",0 ,0,0 ,0 ,@Lostdoormat,"3,590","45,397 ",0 ,0,"2,001 ",0 
@Intermission,Merchant,,Peddler,3,"2,749 ",916 ,290,@Intermission,172,"4,900 ",0 ,0,0 ,0 ,@joeyjelinek,"12,195","345,105 ","3,333 ",0,0 ,0 ,@Loterk,"4,466","84,756 ",0 ,3000,0 ,0 
@iownskillz,Peddler,,,3,0 ,0 ,,@iownskillz,0,0 ,0 ,0,0 ,0 ,@JohJohOneThousand,864,"24,687 ",0 ,0,0 ,0 ,@Lotusx77,"1,669","4,798 ",0 ,1000,"1,001 ",0 
@iratus_simium,Merchant,,,3,"22,569 ","7,523 ",41,@iratus_simium,"5,291","8,325 ",0 ,10000,0 ,0 ,@jpowts,"3,415","67,380 ","1,586 ",0,"1,001 ",0 ,@lowered,123,0 ,"3,500 ",0,0 ,0 
@IronDimSim,Peddler,Merchant,,2,"3,756 ","1,878 ",255,@IronDimSim,"3,756","18,256 ","3,332 ",6000,0 ,0 ,@jucalme,965,"27,560 ",0 ,0,0 ,0 ,@Lucianda,"164,667","467,632 ","7,954 ",100000,0 ,"98,021 "
@îssües0723,Peddler,,,3,0 ,0 ,,@îssües0723,0,0 ,0 ,0,0 ,0 ,@JustJoshn,500,0 ,0 ,1000,0 ,0 ,@Luckycat83,"6,259","118,339 ","60,487 ",0,0 ,0 
@Iszara,Guild Officer,,,3,0 ,0 ,,@Iszara,0,0 ,0 ,0,0 ,0 ,@jwest4617,"1,282","10,863 ","25,771 ",0,0 ,0 ,@LumenJune,"9,108","243,591 ","2,363 ",1000,0 ,0 
@ithuviel22,Merchant,,,3,"11,568 ","3,856 ",110,@ithuviel22,"4,832","34,350 ","3,685 ",5000,"1,001 ",0 ,@jwknott,69,"1,959 ",0 ,0,0 ,0 ,@Madam_Mischief,"6,929","55,102 ",0 ,10000,0 ,0 
@Itoq,Shareholder,,,3,"474,240 ","158,080 ",,@Itoq,"220,538","3,205,085 ","110,819 ",34000,0 ,"87,481 ",@KaiMark,"20,422","512,061 ",0 ,5000,0 ,0 ,@madarchy,0,0 ,0 ,0,0 ,0 
@itsabeta,Merchant,,,3,"9,997 ","3,332 ",127,@itsabeta,"1,375","39,289 ",0 ,0,0 ,0 ,@kallan1337,0,0 ,0 ,0,0 ,0 ,@MaddHatter610,62,"1,030 ",750 ,0,0 ,0 
@iuoe286,Peddler,Merchant,,2,"9,032 ","4,516 ",139,@iuoe286,"8,289","177,887 ","1,811 ",4000,0 ,0 ,@Kato6617,883,"25,232 ",0 ,0,0 ,0 ,@MagneticThor,934,"10,406 ","2,000 ",1000,0 ,0 
@Ivan,Peddler,,,2,0 ,0 ,,@Ivan,0,0 ,0 ,0,0 ,0 ,@katwingz,18,500 ,0 ,0,0 ,0 ,@Maliphas,"1,126","31,820 ",350 ,0,0 ,0 
@IvoryShade,Peddler,,,3,"1,929 ",643 ,326,@IvoryShade,255,"7,277 ",0 ,0,0 ,0 ,@kaveman88,"1,518","31,151 ","12,231 ",0,0 ,0 ,@MarkFord33,0,0 ,0 ,0,0 ,0 
@Ixtyr,Guild Master,,,3,"1,084,071 ","361,357 ",,@Ixtyr,"8,565","75,275 ","169,449 ",0,0 ,0 ,@Kawitos,937,0 ,"26,764 ",0,0 ,0 ,@Matthew-Ren,"3,851","52,895 ",0 ,4000,0 ,0 
@Ixtyr2,Guild Officer,,,3,"221,956 ","73,985 ",,@Ixtyr2,"1,500","42,870 ",0 ,0,0 ,0 ,@keeno9881,0,0 ,0 ,0,0 ,0 ,@Matthew110607,"4,344","42,592 ","10,100 ",5000,0 ,0 
@Izome,Peddler,,,3,"2,356 ",785 ,306,@Izome,"1,532","15,006 ",173 ,0,"1,001 ",0 ,@kibber999,171,"4,876 ",0 ,0,0 ,0 ,@Maynard43,"8,161","161,082 ","29,224 ",3000,0 ,0 
@J0M0,Peddler,,,2,275 ,137 ,397,@J0M0,70,"2,001 ",0 ,0,0 ,0 ,@Kigro,509,"14,545 ",0 ,0,0 ,0 ,@mcguiver178,"2,176","62,163 ",0 ,0,0 ,0 
@jameson314,Merchant,,,3,"3,216 ","1,072 ",275,@jameson314,49,"1,400 ",0 ,0,0 ,0 ,@Killer_ID17,"1,394","39,421 ",400 ,0,0 ,0 ,@MCIronbones,147,"2,712 ","1,480 ",0,0 ,0 
@JayesGaming,Merchant,,,3,"8,135 ","2,712 ",149,@JayesGaming,"1,802","51,477 ",0 ,0,0 ,0 ,@KilRaTiO,"4,678","128,871 ","4,800 ",0,0 ,0 ,@MeepsG,"4,343","119,268 ","4,824 ",0,0 ,0 
@jcmortemore,Merchant,,,3,"4,555 ","1,518 ",229,@jcmortemore,"1,386","25,300 ",0 ,1000,0 ,0 ,@KingofDjinn,0,0 ,0 ,0,0 ,0 ,@miketheactor,923,"19,470 ","6,907 ",0,0 ,0 
@JDub320,Associate,Merchant,,1,"5,705 ","5,705 ",194,@JDub320,"5,705","163,007 ",0 ,0,0 ,0 ,@Kitiarana,901,"24,931 ",800 ,0,0 ,0 ,@miss_khaleesi,0,0 ,0 ,0,0 ,0 
@jklanecky,Peddler,Merchant,,3,"4,758 ","1,586 ",224,@jklanecky,"3,990","114,008 ",0 ,0,0 ,0 ,@Klodn888,"5,901","168,592 ",0 ,0,0 ,0 ,@Mokni,630,"18,000 ",0 ,0,0 ,0 
@JobooAGS,Guild Booster,,,3,"150,098 ","50,033 ",,@JobooAGS,"5,979","14,496 ","13,465 ",10000,0 ,0 ,@Knapier,444,"8,054 ","4,625 ",0,0 ,0 ,@Moonchilde23,"2,503",75 ,0 ,5000,0 ,0 
@JoedaJoeCheese,Merchant,,,3,"7,372 ","2,457 ",159,@JoedaJoeCheese,"2,299","37,100 ",0 ,2000,0 ,0 ,@kobelewadejordan,0,0 ,0 ,0,0 ,0 ,@Mountainmerc,0,0 ,0 ,0,0 ,0 
@joeyjelinek,Mogul,,,3,"34,557 ","11,519 ",27,@joeyjelinek,"9,323","250,299 ","16,083 ",0,0 ,0 ,@Korbyn-Dallas,0,0 ,0 ,0,0 ,0 ,@mpier571,"1,169",0 ,"4,840 ",2000,0 ,0 
@JohJohOneThousand,Merchant,,Peddler,3,"2,493 ",831 ,302,@JohJohOneThousand,56,"1,600 ",0 ,0,0 ,0 ,@Krull,572,"14,000 ","2,355 ",0,0 ,0 ,@Mr.Foxer,"6,648","157,500 ","32,446 ",0,0 ,0 
@jpowts,Merchant,,,3,"6,530 ","2,177 ",179,@jpowts,"1,326","22,065 ","1,541 ",1000,0 ,0 ,@Kyphosis,"4,333","57,450 ","66,340 ",0,0 ,0 ,@MRJOEYGOOSE,0,0 ,0 ,0,0 ,0 
@jucalme,Merchant,,,3,"3,633 ","1,211 ",261,@jucalme,"1,475","42,148 ",0 ,0,0 ,0 ,@KyzaFurya,"5,610","17,429 ",0 ,10000,0 ,0 ,@MrKnuckles70,"10,819","159,993 ","6,256 ",10000,0 ,0 
@JustJoshn,Peddler,,,3,"1,000 ",333 ,360,@JustJoshn,0,0 ,0 ,0,0 ,0 ,@kzak25,0,0 ,0 ,0,0 ,0 ,@MrRiver,"2,804","51,535 ",0 ,2000,0 ,0 
@jwest4617,Merchant,,,3,"4,256 ","1,419 ",238,@jwest4617,773,"22,080 ",0 ,0,0 ,0 ,@LadyRae86,0,0 ,0 ,0,0 ,0 ,@MydraThrax,"30,418","201,777 ","24,462 ",45000,0 ,0 
@jwknott,Peddler,,,3,"1,691 ",564 ,340,@jwknott,42,"1,206 ",0 ,0,0 ,0 ,@Lajih,514,"11,707 ","2,965 ",0,0 ,0 ,@MyPurpleLily,"2,557","15,903 ",0 ,4000,0 ,0 
@KaiMark,Mogul,,,2,"28,486 ","14,243 ",30,@KaiMark,"8,064","230,397 ",0 ,0,0 ,0 ,@leficent,"3,009","17,260 ","11,550 ",0,"2,001 ",0 ,@n00ns,0,0 ,0 ,0,0 ,0 
@kallan1337,Peddler,,,3,"1,504 ",501 ,346,@kallan1337,0,0 ,0 ,0,0 ,0 ,@LenaBach,158,"4,500 ",0 ,0,0 ,0 ,@NashtyJ,"5,307","102,273 ","6,500 ",3000,0 ,0 
@Kato6617,Peddler,,,3,"1,561 ",520 ,345,@Kato6617,67,"1,925 ",0 ,0,0 ,0 ,@LeonidasV,501,"14,300 ",0 ,0,0 ,0 ,@Necrotic_Deformity,"2,398","54,220 ",0 ,1000,0 ,0 
@katwingz,Peddler,,,3,755 ,252 ,374,@katwingz,137,"3,900 ",0 ,0,0 ,0 ,@lepemetus,460,"13,143 ",0 ,0,0 ,0 ,@Nellzer,500,0 ,0 ,1000,0 ,0 
@kaveman88,Merchant,,,3,"5,059 ","1,686 ",214,@kaveman88,"1,199","34,268 ",0 ,0,0 ,0 ,@Lexxy.13,"1,221","6,328 ",0 ,2000,0 ,0 ,@nhines,"123,838","1,109,674 ","71,418 ",165000,0 ,0 
@Kawitos,Peddler,,,3,"1,750 ",583 ,336,@Kawitos,814,250 ,"23,000 ",0,0 ,0 ,@limitless71,"1,500",0 ,0 ,3000,0 ,0 ,@Niwanee,"1,470","41,986 ",0 ,0,0 ,0 
@keeno9881,Merchant,,Peddler,3,"2,008 ",669 ,321,@keeno9881,0,0 ,0 ,0,0 ,0 ,@LIQUIDJ37,123,"3,500 ",0 ,0,0 ,0 ,@Noia07,"5,569","89,245 ","12,733 ",4000,0 ,0 
@kibber999,Peddler,Merchant,,2,"2,083 ","1,042 ",317,@kibber999,"1,913","6,876 ","4,917 ",3000,0 ,0 ,@lking,293,"8,368 ",0 ,0,0 ,0 ,@nomak4011,0,0 ,0 ,0,0 ,0 
@Kigro,Peddler,Merchant,,3,"3,897 ","1,299 ",250,@Kigro,"2,708","20,230 ",0 ,4000,0 ,0 ,@lonephoenix13,965,"27,576 ",0 ,0,0 ,0 ,@Noob-lett,"15,628","289,218 ",144 ,11000,0 ,0 
@Killer_ID17,Merchant,,,2,"6,766 ","3,383 ",174,@Killer_ID17,"5,372","76,329 ","20,010 ",4000,0 ,0 ,@LordOfWar515,"6,507","175,588 ","10,331 ",0,0 ,0 ,@Noobdefeater,"2,048","58,500 ",0 ,0,0 ,0 
@KillorBeKilled,Associate,Peddler,,1,0 ,0 ,,@KillorBeKilled,0,,0 ,0,0 ,0 ,@LordUrsa,131,,"3,749 ",0,0 ,0 ,@Nopridian,34,,968 ,0,0 ,0 
@KilRaTiO,Merchant,,,3,"15,312 ","5,104 ",80,@KilRaTiO,"5,334","123,822 ",0 ,2000,0 ,0 ,@Lostdoormat,35,"1,005 ",0 ,0,0 ,0 ,@NotKacie,"7,054","54,800 ","3,874 ",10000,0 ,0 
@KingofDjinn,Merchant,,,3,"3,753 ","1,251 ",256,@KingofDjinn,51,"1,450 ",0 ,0,0 ,0 ,@Loterk,"1,204","4,572 ","1,250 ",2000,0 ,0 ,@NotSoDeadTree,"3,553","42,864 ","1,506 ",4000,0 ,0 
@Kitiarana,Peddler,,,2,"1,967 ",984 ,325,@Kitiarana,"1,067","1,906 ",0 ,2000,0 ,0 ,@Lotusx77,"1,714","4,896 ","1,200 ",1000,"1,001 ",0 ,@Nuobeike,"7,167","200,920 ","3,861 ",0,0 ,0 
@Klodn888,Merchant,,,3,"6,095 ","2,032 ",187,@Klodn888,125,"3,564 ",0 ,0,0 ,0 ,@lowered,7,200 ,0 ,0,0 ,0 ,@Oakos,0,0 ,0 ,0,0 ,0 
@Knapier,Peddler,,,3,"1,669 ",556 ,342,@Knapier,700,"5,334 ","14,662 ",0,0 ,0 ,@Lucianda,"240,654","363,417 ",500 ,30000,"75,002 ","137,915 ",@oatmealcookie,"3,040","60,820 ",450 ,0,0 ,896 
@kobelewadejordan,Peddler,,,3,0 ,0 ,,@kobelewadejordan,0,0 ,0 ,0,0 ,0 ,@Luckycat83,"7,554","124,554 ","91,276 ",0,0 ,0 ,@OrcsOfMoria,70,"2,000 ",0 ,0,0 ,0 
@Korbyn-Dallas,Peddler,,,3,0 ,0 ,,@Korbyn-Dallas,0,0 ,0 ,0,0 ,0 ,@LumenJune,"4,242","106,916 ",0 ,1000,0 ,0 ,@Oretias,125,"3,571 ",0 ,0,0 ,0 
@Krull,Peddler,Merchant,,2,"5,167 ","2,583 ",212,@Krull,"4,594","55,950 ","29,287 ",1000,"1,111 ",0 ,@Madam_Mischief,"6,337","38,163 ",0 ,0,"5,001 ",0 ,@ORiainRex,"1,279","36,533 ",0 ,0,0 ,0 
@Kyphosis,Merchant,,,2,"14,144 ","7,072 ",87,@Kyphosis,"9,811","165,025 ","115,295 ",0,0 ,0 ,@madarchy,"1,001",0 ,0 ,0,"1,001 ",0 ,@paerez,"1,297","33,494 ","3,568 ",0,0 ,0 
@KyzaFurya,Merchant,,,3,"14,220 ","4,740 ",85,@KyzaFurya,200,"5,713 ",0 ,0,0 ,0 ,@MaddHatter610,"1,604","23,248 ","22,569 ",0,0 ,0 ,@panda_bot,"10,561","1,330 ","14,703 ",20000,0 ,0 
@kzak25,Peddler,,,3,0 ,0 ,,@kzak25,0,0 ,0 ,0,0 ,0 ,@Maestrongest,"1,532",920 ,0 ,3000,0 ,0 ,@Patthib,"12,471","70,600 ",0 ,20000,0 ,0 
@LadyRae86,Peddler,,,3,0 ,0 ,,@LadyRae86,0,0 ,0 ,0,0 ,0 ,@MagneticThor,604,"12,750 ","4,500 ",0,0 ,0 ,@pbcop82,94,"2,695 ",0 ,0,0 ,0 
@leficent,Merchant,,,3,"9,437 ","3,146 ",134,@leficent,"2,888","20,159 ","5,171 ",0,"2,001 ",0 ,@MalinkaLuna,0,0 ,0 ,0,0 ,0 ,@Phantom-Queen,"18,050",0 ,0 ,1000,0 ,"17,550 "
@LenaBach,Merchant,,,3,"3,618 ","1,206 ",263,@LenaBach,158,"4,500 ",0 ,0,0 ,0 ,@Maliphas,928,"15,532 ","10,970 ",0,0 ,0 ,@Phrenety,892,"11,200 ",0 ,1000,0 ,0 
@LeonidasV,Peddler,,,2,"1,078 ",539 ,356,@LeonidasV,578,"16,500 ",0 ,0,0 ,0 ,@MarkFord33,0,0 ,0 ,0,0 ,0 ,@piffwiffle,0,0 ,0 ,0,0 ,0 
@lepemetus,Merchant,,,3,"6,601 ","2,200 ",176,@lepemetus,218,"6,240 ",0 ,0,0 ,0 ,@Matthew-Ren,"1,290","35,516 ","1,350 ",0,0 ,0 ,@Pig13enis,654,"16,251 ","2,425 ",0,0 ,0 
@Lexxy.13,Peddler,,,3,"1,280 ",427 ,352,@Lexxy.13,52,"1,474 ",0 ,0,0 ,0 ,@Matthew110607,"1,758","50,220 ",0 ,0,0 ,0 ,@pinklatex,0,0 ,0 ,0,0 ,0 
@Lhari,Associate,Merchant,,1,"5,140 ","5,140 ",213,@Lhari,"5,140","3,999 ",0 ,10000,0 ,0 ,@Maulric,"4,813","128,484 ","9,026 ",0,0 ,0 ,@Poofington,"6,634","160,930 ",0 ,0,"1,001 ",0 
@limitless71,Merchant,,,3,"3,215 ","1,072 ",276,@limitless71,"1,215","6,137 ",0 ,2000,0 ,0 ,@Maveritchell,"1,055","30,150 ",0 ,0,0 ,0 ,@Provespa,"1,968","56,220 ",0 ,0,0 ,0 
@LIQUIDJ37,Peddler,,,3,550 ,183 ,384,@LIQUIDJ37,0,0 ,0 ,0,0 ,0 ,@Mawal93,"1,346","35,850 ","2,604 ",0,0 ,0 ,@Pudley,"141,738","321,333 ",0 ,90000,0 ,"85,491 "
@lking,Peddler,Mogul,,2,"25,149 ","12,574 ",35,@lking,"24,856","23,018 ","11,459 ",0,"1,001 ","22,648 ",@Maynard43,"6,487","121,395 ","63,946 ",0,0 ,0 ,@Pumpumrasta,252,"7,200 ",0 ,0,0 ,0 
@lonephoenix13,Merchant,,,3,"9,583 ","3,194 ",130,@lonephoenix13,"4,674","29,889 ","3,667 ",7000,0 ,0 ,@mcguiver178,0,0 ,0 ,0,0 ,0 ,@Qianpou,"2,578","73,660 ",0 ,0,0 ,0 
@LordOfWar515,Merchant,,,3,"18,860 ","6,287 ",56,@LordOfWar515,"3,520","100,574 ",0 ,0,0 ,0 ,@MeepsG,"3,079","78,110 ","9,862 ",0,0 ,0 ,@quackycac,"5,000",0 ,0 ,10000,0 ,0 
@Lostdoormat,Merchant,,,3,"3,625 ","1,208 ",262,@Lostdoormat,0,0 ,0 ,0,0 ,0 ,@Megashim,0,0 ,0 ,0,0 ,0 ,@Questionability,651,"4,171 ",150 ,1000,0 ,0 
@Loterk,Merchant,,,3,"10,566 ","3,522 ",122,@Loterk,"4,896","82,740 ",0 ,4000,0 ,0 ,@miketheactor,"1,268","25,880 ","10,351 ",0,0 ,0 ,@QvD,"4,768","54,599 ","38,760 ",3000,0 ,0 
@Lotusx77,Merchant,,,3,"3,586 ","1,195 ",265,@Lotusx77,203,"5,795 ",0 ,0,0 ,0 ,@miss_khaleesi,0,0 ,0 ,0,0 ,0 ,@Rabby,591,"16,720 ",176 ,0,0 ,0 
@lowered,Peddler,,,3,235 ,78 ,400,@lowered,105,0 ,"3,000 ",0,0 ,0 ,@Mokni,"1,235","35,293 ",0 ,0,0 ,0 ,@Rados,878,"6,500 ","18,578 ",0,0 ,0 
@Lucianda,Shareholder,,,3,"511,638 ","170,546 ",,@Lucianda,"106,317","268,343 ","4,600 ",30000,0 ,"81,764 ",@Moonchilde23,"1,130","27,064 ","5,231 ",0,0 ,0 ,@Raisler,"6,435","17,500 ","94,930 ",5000,0 ,0 
@Luckycat83,Merchant,,,3,"18,402 ","6,134 ",64,@Luckycat83,"4,589","55,659 ","75,448 ",0,0 ,0 ,@Mountainmerc,0,0 ,0 ,0,0 ,0 ,@Raithen27,47,"1,350 ",0 ,0,0 ,0 
@LumenJune,Merchant,,,3,"18,911 ","6,304 ",55,@LumenJune,"5,560","130,288 ",0 ,2000,0 ,0 ,@mpier571,"14,027","383,544 ","17,240 ",0,0 ,0 ,@Ramagon,"8,722","21,660 ","13,246 ",15000,0 ,0 
@Madam_Mischief,Merchant,,,3,"18,594 ","6,198 ",58,@Madam_Mischief,"5,329","9,360 ",0 ,0,"5,001 ",0 ,@Mr.Foxer,"6,967","110,400 ","60,090 ",2000,0 ,0 ,@Ranwynne,"1,159","18,834 ",0 ,1000,0 ,0 
@madarchy,Peddler,,,3,"2,002 ",667 ,322,@madarchy,"1,001",0 ,0 ,0,"1,001 ",0 ,@MRJOEYGOOSE,0,0 ,0 ,0,0 ,0 ,@Rashka42,"4,535","30,350 ","13,500 ",6000,0 ,0 
@MaddHatter610,Peddler,,,3,"2,503 ",834 ,301,@MaddHatter610,837,"2,963 ","6,672 ",1000,0 ,0 ,@MrKnuckles70,"7,713","142,349 ","6,590 ",5000,0 ,0 ,@Redempted,0,0 ,0 ,0,0 ,0 
@Maestrongest,Merchant,,,2,"10,587 ","5,293 ",121,@Maestrongest,"9,055","58,706 ",0 ,14000,0 ,0 ,@MrRiver,"1,931","53,724 ","1,440 ",0,0 ,0 ,@regauer,"2,002","46,704 ","10,487 ",0,0 ,0 
@MagneticThor,Peddler,,,3,"2,217 ",739 ,312,@MagneticThor,679,"4,250 ",870 ,1000,0 ,0 ,@musskrat,481,"13,732 ",0 ,0,0 ,0 ,@Retoohs,"24,442","408,605 ","4,018 ",20000,0 ,0 
@MalinkaLuna,Peddler,,,2,0 ,0 ,,@MalinkaLuna,0,0 ,0 ,0,0 ,0 ,@MydraThrax,"223,009","167,140 ",0 ,10000,0 ,"212,159 ",@RevenantChaosSix,613,"17,500 ",0 ,0,0 ,0 
@Maliphas,Merchant,,,3,"7,238 ","2,413 ",162,@Maliphas,"5,184","5,265 ",0 ,10000,0 ,0 ,@MyPurpleLily,"2,963","13,242 ",0 ,5000,0 ,0 ,@risen1221,0,0 ,0 ,0,0 ,0 
@Markaveli,Associate,Peddler,,1,0 ,0 ,,@Markaveli,0,0 ,0 ,0,0 ,0 ,@n00ns,0,0 ,0 ,0,0 ,0 ,@Rithic,"3,601","102,883 ",0 ,0,0 ,0 
@MarkFord33,Peddler,,,3,0 ,0 ,,@MarkFord33,0,0 ,0 ,0,0 ,0 ,@NashtyJ,898,"25,668 ",0 ,0,0 ,0 ,@rokazshangtai,"1,863","53,217 ",0 ,0,0 ,0 
@Matthew-Ren,Merchant,,,3,"9,167 ","3,056 ",138,@Matthew-Ren,"4,025","31,190 ","83,823 ",0,0 ,0 ,@Necrotic_Deformity,"3,110","88,850 ",0 ,0,0 ,0 ,@Rokelaar,"3,897","68,493 ",0 ,3000,0 ,0 
@Matthew110607,Merchant,,,3,"7,021 ","2,340 ",169,@Matthew110607,919,"26,271 ",0 ,0,0 ,0 ,@Nellzer,526,750 ,0 ,1000,0 ,0 ,@RomanHedonist,"3,280","93,704 ",0 ,0,0 ,0 
@Maulric,Merchant,,,2,"7,054 ","3,527 ",165,@Maulric,"2,241","62,302 ","1,724 ",0,0 ,0 ,@nhines,"100,280","1,997,764 ","34,250 ",45000,0 ,"6,660 ",@rosarose,"1,823","52,097 ",0 ,0,0 ,0 
@Maveritchell,Merchant,,,2,"4,211 ","2,105 ",239,@Maveritchell,"3,155","90,150 ",0 ,0,0 ,0 ,@Niwanee,338,"9,662 ",0 ,0,0 ,0 ,@Rowdog007,0,0 ,0 ,0,0 ,0 
@Mawal93,Merchant,,,2,"3,691 ","1,845 ",260,@Mawal93,"2,345","50,500 ","16,500 ",0,0 ,0 ,@Noia07,"1,727","35,050 ",0 ,1000,0 ,0 ,@rueboras,0,0 ,0 ,0,0 ,0 
@MaximusCain,Associate,Peddler,,1,56 ,56 ,418,@MaximusCain,56,0 ,"1,609 ",0,0 ,0 ,@nomak4011,0,0 ,0 ,0,0 ,0 ,@s098378,52,"1,498 ",0 ,0,0 ,0 
@Maynard43,Merchant,,,3,"26,955 ","8,985 ",33,@Maynard43,"12,307","216,300 ","135,339 ",0,0 ,0 ,@Noob-lett,"3,833","64,658 ","16,290 ",2000,0 ,0 ,@Sallington,"5,278","79,368 ",0 ,5000,0 ,0 
@mcguiver178,Merchant,,Peddler,3,"2,443 ",814 ,304,@mcguiver178,267,"7,634 ",0 ,0,0 ,0 ,@Noobdefeater,"2,770","68,100 ","11,049 ",0,0 ,0 ,@sanrox00,0,0 ,0 ,0,0 ,0 
@mechetaba,Associate,Peddler,,1,500 ,500 ,390,@mechetaba,500,0 ,0 ,1000,0 ,0 ,@Nopridian,167,"4,775 ",0 ,0,0 ,0 ,@Sapphire222,"2,486","39,971 ","2,465 ",0,"1,001 ",0 
@MeeperSweper,Associate,Peddler,,1,0 ,0 ,,@MeeperSweper,0,0 ,0 ,0,0 ,0 ,@NotKacie,0,0 ,0 ,0,0 ,0 ,@Saqi,99,"2,589 ",250 ,0,0 ,0 
@MeepsG,Merchant,,,3,"18,414 ","6,138 ",63,@MeepsG,"10,992","107,500 ",0 ,1000,0 ,"6,729 ",@NotSoDeadTree,570,"16,172 ",123 ,0,0 ,0 ,@Savina.09,"13,283","22,363 ",0 ,25000,0 ,0 
@Megashim,Peddler,Merchant,,2,"2,547 ","1,274 ",298,@Megashim,"2,547","70,193 ","2,587 ",0,0 ,0 ,@Nox_Noctis,881,"25,179 ",0 ,0,0 ,0 ,@Schlemstar,891,0 ,"25,470 ",0,0 ,0 
@Mendez6,Associate,Merchant,,1,"2,569 ","2,569 ",297,@Mendez6,"2,569","73,393 ",0 ,0,0 ,0 ,@Nuobeike,"6,452","70,802 ","113,555 ",0,0 ,0 ,@Sciondraco,37,"1,062 ",0 ,0,0 ,0 
@miketheactor,Merchant,,,3,"4,397 ","1,466 ",232,@miketheactor,"2,205","61,330 ","1,683 ",0,0 ,0 ,@Oakos,616,"15,499 ","2,107 ",0,0 ,0 ,@Scootorious,0,0 ,0 ,0,0 ,0 
@miss_khaleesi,Peddler,,,3,"1,307 ",436 ,350,@miss_khaleesi,"1,307","22,338 ","15,013 ",0,0 ,0 ,@oatmealcookie,"2,670","74,298 ","2,000 ",0,0 ,0 ,@senorblackbean,"2,959","84,540 ",0 ,0,0 ,0 
@Mokni,Peddler,Merchant,,3,"5,705 ","1,902 ",195,@Mokni,"3,839","109,694 ",0 ,0,0 ,0 ,@OrcsOfMoria,112,"3,200 ",0 ,0,0 ,0 ,@SFxOperations,287,"8,190 ",0 ,0,0 ,0 
@Moonchilde23,Merchant,,,3,"6,566 ","2,189 ",177,@Moonchilde23,"2,933","12,363 ",0 ,5000,0 ,0 ,@Oretias,699,"19,966 ",0 ,0,0 ,0 ,@Shadowxk1,738,245 ,"6,547 ",1000,0 ,0 
@Mountainmerc,Peddler,,,3,0 ,0 ,,@Mountainmerc,0,0 ,0 ,0,0 ,0 ,@ORiainRex,419,"11,975 ",0 ,0,0 ,0 ,@Shaime27,"1,405","32,069 ","8,075 ",0,0 ,0 
@mpier571,Merchant,,,3,"23,325 ","7,775 ",38,@mpier571,"8,128","175,091 ",0 ,4000,0 ,0 ,@Outabody,"2,692","5,491 ",0 ,5000,0 ,0 ,@Shamo,"2,769","78,597 ",521 ,0,0 ,0 
@Mr.Foxer,Merchant,,,3,"16,967 ","5,656 ",72,@Mr.Foxer,"3,352","66,400 ",788 ,2000,0 ,0 ,@Outshined1,"17,092","383,200 ","105,135 ",0,0 ,0 ,@Shantopia,0,0 ,0 ,0,0 ,0 
@Mr.Plant69,Associate,Peddler,,1,515 ,515 ,388,@Mr.Plant69,515,442 ,0 ,1000,0 ,0 ,@paerez,332,"9,491 ",0 ,0,0 ,0 ,@ShastaTheHusky,74,"2,122 ",0 ,0,0 ,0 
@MrFreakinTurtles,Associate,Peddler,,1,0 ,0 ,,@MrFreakinTurtles,0,0 ,0 ,0,0 ,0 ,@panda_bot,0,0 ,0 ,0,0 ,0 ,@SherShahSuri,642,"18,349 ",0 ,0,0 ,0 
@MRJOEYGOOSE,Peddler,,,3,0 ,0 ,,@MRJOEYGOOSE,0,0 ,0 ,0,0 ,0 ,@Pandorean,186,"2,923 ","2,400 ",0,0 ,0 ,@Shimmer3,0,0 ,0 ,0,0 ,0 
@MrKnuckles70,Merchant,,,3,"29,297 ","9,766 ",29,@MrKnuckles70,"10,765","60,748 ","32,549 ",5000,0 ,"5,000 ",@Patthib,"51,474","40,300 ","1,800 ",0,0 ,"50,000 ",@Shirrasi,0,0 ,0 ,0,0 ,0 
@MrRiver,Merchant,,,3,"5,043 ","1,681 ",215,@MrRiver,309,"8,818 ",0 ,0,0 ,0 ,@pbcop82,"1,985","42,431 ",0 ,1000,0 ,0 ,@siegebyte,"19,961","5,394 ",0 ,2000,0 ,"18,772 "
@musskrat,Peddler,Merchant,,2,"13,405 ","6,702 ",93,@musskrat,"12,924","297,837 ",0 ,5000,0 ,0 ,@Phantom-Queen,0,0 ,0 ,0,0 ,0 ,@sinnessjuk,500,0 ,0 ,1000,0 ,0 
@MydraThrax,Guild Booster,,,3,"266,323 ","88,774 ",,@MydraThrax,"12,896","225,602 ",0 ,10000,0 ,0 ,@Phrenety,651,"4,303 ",0 ,1000,0 ,0 ,@Skarwind,"1,073","2,060 ",0 ,0,"1,001 ",0 
@MyPurpleLily,Merchant,,,3,"6,030 ","2,010 ",188,@MyPurpleLily,510,"14,566 ",0 ,0,0 ,0 ,@piffwiffle,"4,218","99,243 ","6,999 ",1000,0 ,0 ,@skinnycheeks,"1,550","44,280 ",0 ,0,0 ,0 
@n00ns,Peddler,,,3,0 ,0 ,,@n00ns,0,0 ,0 ,0,0 ,0 ,@Pig13enis,600,"14,115 ","3,015 ",0,0 ,0 ,@skoomabrewer,"1,190","9,850 ",0 ,0,845 ,0 
@NashtyJ,Merchant,,,3,"13,499 ","4,500 ",91,@NashtyJ,"7,294","199,571 ","8,819 ",0,0 ,0 ,@pinklatex,80,0 ,"2,280 ",0,0 ,0 ,@skr_kette,105,"3,000 ",0 ,0,0 ,0 
@Necrotic_Deformity,Merchant,,,3,"8,208 ","2,736 ",148,@Necrotic_Deformity,"2,701","48,600 ",0 ,2000,0 ,0 ,@Poofington,"1,150","32,850 ",0 ,0,0 ,0 ,@slapchuck,"2,160","61,712 ",0 ,0,0 ,0 
@Nellzer,Peddler,Merchant,,3,"3,782 ","1,261 ",254,@Nellzer,"2,756","7,300 ",0 ,5000,0 ,0 ,@precambrian1,"7,263",0 ,"3,150 ",0,0 ,"7,153 ",@slickgtx,0,0 ,0 ,0,0 ,0 
@nhines,Maverick,,,3,"376,009 ","125,336 ",1,@nhines,"151,890","2,231,904 ","69,670 ",20000,"50,001 ","11,334 ",@Provespa,"3,342","85,973 ","9,520 ",0,0 ,0 ,@Smunkl,0,0 ,0 ,0,0 ,0 
@Niwanee,Peddler,,,3,"1,813 ",604 ,330,@Niwanee,6,161 ,0 ,0,0 ,0 ,@Pudley,"130,389","545,712 ",500 ,55000,0 ,"83,772 ",@Snowthine,"1,074","30,492 ",200 ,0,0 ,0 
@NoctoValentia,Associate,Merchant,,1,"1,085 ","1,085 ",355,@NoctoValentia,"1,085","15,839 ","15,167 ",0,0 ,0 ,@Pumpumrasta,30,871 ,0 ,0,0 ,0 ,@Sovi3tKitsch,"10,451","275,933 ","8,367 ",1000,0 ,0 
@Noia07,Merchant,,,3,"12,367 ","4,122 ",103,@Noia07,"5,071","59,110 ",0 ,0,"3,002 ",0 ,@Qianpou,"11,433","324,265 ","2,400 ",0,0 ,0 ,@Spage,"264,438","29,849 ","37,543 ",90000,0 ,"217,079 "
@nomak4011,Peddler,,,3,0 ,0 ,,@nomak4011,0,0 ,0 ,0,0 ,0 ,@quackycac,"1,922","50,825 ","4,100 ",0,0 ,0 ,@spencer93,0,0 ,0 ,0,0 ,0 
@Noob-lett,Merchant,Mogul,,3,"36,444 ","12,148 ",23,@Noob-lett,"16,983","412,935 ","43,721 ",2000,0 ,0 ,@Qubinets86,"51,382","1,325,200 ",0 ,10000,0 ,0 ,@Spockee,144,"4,105 ",0 ,0,0 ,0 
@Noobdefeater,Merchant,,,3,"11,833 ","3,944 ",108,@Noobdefeater,"7,015","189,434 ","11,000 ",0,0 ,0 ,@Questionability,"1,001",0 ,0 ,0,"1,001 ",0 ,@Stryghe,"13,425","26,356 ",57 ,15000,"5,001 ",0 
@Nopridian,Peddler,,,3,246 ,82 ,398,@Nopridian,45,"1,272 ",0 ,0,0 ,0 ,@QvD,870,"24,855 ",0 ,0,0 ,0 ,@Sundance44,0,0 ,0 ,0,0 ,0 
@NotKacie,Merchant,,,3,"7,054 ","2,351 ",166,@NotKacie,0,0 ,0 ,0,0 ,0 ,@Rabby,453,"12,950 ",0 ,0,0 ,0 ,@SunProwler,"183,363","820,221 ","260,535 ",60000,0 ,"115,537 "
@NotSoDeadTree,Merchant,,,3,"4,326 ","1,442 ",234,@NotSoDeadTree,203,"5,805 ",0 ,0,0 ,0 ,@Rados,419,"4,620 ","7,350 ",0,0 ,0 ,@Super11ama,75,"2,157 ",0 ,0,0 ,0 
@Nox_Noctis,Peddler,Merchant,,2,"2,868 ","1,434 ",285,@Nox_Noctis,"1,986","55,356 ","1,400 ",0,0 ,0 ,@Raisler,"5,416","96,345 ","58,412 ",0,0 ,0 ,@sweetroll_lover,"2,000",0 ,0 ,4000,0 ,0 
@Nuobeike,Merchant,,,3,"18,423 ","6,141 ",62,@Nuobeike,"4,804","126,498 ","10,746 ",0,0 ,0 ,@Raithen27,"2,973","13,519 ",0 ,5000,0 ,0 ,@SwordofLife,"46,059","101,000 ","6,654 ",2000,0 ,"41,291 "
@Oakos,Guild Officer,,,3,"2,058 ",686 ,,@Oakos,"1,442","41,198 ",0 ,0,0 ,0 ,@Ramagon,"4,392","35,790 ","18,267 ",5000,0 ,0 ,@Sylnce,694,"5,547 ",0 ,1000,0 ,0 
@oatmealcookie,Merchant,,,3,"12,617 ","4,206 ",98,@oatmealcookie,"6,907","197,330 ",0 ,0,0 ,0 ,@Ranwynne,"2,285","62,962 ","2,329 ",0,0 ,0 ,@Syrene,0,0 ,0 ,0,0 ,0 
@ollairso,Associate,Peddler,,1,0 ,0 ,,@ollairso,0,0 ,0 ,0,0 ,0 ,@Rashka42,"5,066","59,033 ",0 ,6000,0 ,0 ,@Technohic,500,0 ,0 ,1000,0 ,0 
@OrcsOfMoria,Peddler,,,3,182 ,61 ,407,@OrcsOfMoria,0,0 ,0 ,0,0 ,0 ,@Ravvnn,"2,982","56,637 ",0 ,2000,0 ,0 ,@ThaSupafly,"4,085","114,949 ","1,753 ",0,0 ,0 
@Oretias,Peddler,,,3,998 ,333 ,365,@Oretias,174,"4,967 ",0 ,0,0 ,0 ,@Redempted,0,0 ,0 ,0,0 ,0 ,@ThatCAT,"10,276","293,600 ",0 ,0,0 ,0 
@ORiainRex,Peddler,Merchant,,3,"3,307 ","1,102 ",273,@ORiainRex,"1,609","45,948 ",24 ,0,0 ,0 ,@regauer,"1,416","37,802 ","2,650 ",0,0 ,0 ,@ThatFace,"14,767","250,497 ",0 ,12000,0 ,0 
@Outabody,Merchant,,,2,"5,360 ","2,680 ",204,@Outabody,"2,668","4,741 ",60 ,5000,0 ,0 ,@Retoohs,"9,083","240,814 ","18,706 ",0,0 ,0 ,@thaydron,"1,493","39,836 ","2,830 ",0,0 ,0 
@Outshined1,Mogul,,,2,"49,462 ","24,731 ",13,@Outshined1,"32,370","853,432 ",0 ,5000,0 ,0 ,@RevenantChaosSix,"4,879","139,400 ",0 ,0,0 ,0 ,@The_Visionary,"4,960","86,222 ","26,909 ",2000,0 ,0 
@paerez,Peddler,,,3,"1,699 ",566 ,339,@paerez,70,"2,000 ",0 ,0,0 ,0 ,@risen1221,0,0 ,0 ,0,0 ,0 ,@Thebenz14,"2,639","75,386 ",0 ,0,0 ,0 
@panda_bot,Guild Officer,,,3,"10,561 ","3,520 ",,@panda_bot,0,0 ,0 ,0,0 ,0 ,@Rithic,"1,595","45,568 ",0 ,0,0 ,0 ,@theflamingv,"1,376","39,300 ",0 ,0,0 ,0 
@Pandorean,Peddler,Merchant,,2,"2,079 ","1,039 ",318,@Pandorean,"1,892","39,994 ","14,076 ",0,0 ,0 ,@rokazshangtai,"1,433","21,721 ","19,221 ",0,0 ,0 ,@TheophilKung,0,0 ,0 ,0,0 ,0 
@Patthib,Mogul,,,3,"139,377 ","46,459 ",4,@Patthib,"75,432","92,400 ","24,800 ",5000,0 ,"68,830 ",@Rokelaar,639,"18,260 ",0 ,0,0 ,0 ,@TheReidster,327,"9,345 ",0 ,0,0 ,0 
@paws09,Associate,Peddler,,1,157 ,157 ,409,@paws09,157,"3,343 ","1,152 ",0,0 ,0 ,@Rollersnake,219,0 ,"6,258 ",0,0 ,0 ,@thezathras,"3,119","83,888 ","5,231 ",0,0 ,0 
@pbcop82,Merchant,,,3,"5,914 ","1,971 ",190,@pbcop82,"3,835","66,705 ",0 ,1000,"1,000 ",0 ,@RomanHedonist,0,0 ,0 ,0,0 ,0 ,@ThirdDegree,"10,088","100,717 ","1,799 ",13000,0 ,0 
@Phantom-Queen,Merchant,,,3,"18,050 ","6,017 ",66,@Phantom-Queen,0,0 ,0 ,0,0 ,0 ,@rosarose,493,"14,086 ",0 ,0,0 ,0 ,@Thrast,"7,430","191,684 ","20,591 ",0,0 ,0 
@Phrenety,Peddler,,,3,"2,043 ",681 ,319,@Phrenety,500,9 ,0 ,1000,0 ,0 ,@Rowdog007,0,0 ,0 ,0,0 ,0 ,@Timaios,"15,497","228,482 ",0 ,15000,0 ,0 
@piffwiffle,Merchant,,,3,"5,188 ","1,729 ",210,@piffwiffle,970,"27,700 ",0 ,0,0 ,0 ,@rueboras,0,0 ,0 ,0,0 ,0 ,@Tobber01,745,"20,983 ",304 ,0,0 ,0 
@Pig13enis,Peddler,Merchant,,3,"4,898 ","1,633 ",222,@Pig13enis,"3,644","103,725 ",400 ,0,0 ,0 ,@RythDarkbane,"2,456","41,600 ",0 ,2000,0 ,0 ,@Tokugowanaka,"2,179","47,981 ",0 ,1000,0 ,0 
@pinklatex,Guild Booster,,,3,80 ,27 ,,@pinklatex,0,0 ,0 ,0,0 ,0 ,@s098378,"2,239","63,973 ",0 ,0,0 ,0 ,@Tormennt,"19,021","30,249 ",0 ,0,0 ,"17,962 "
@Poofington,Merchant,,,3,"10,364 ","3,455 ",124,@Poofington,"2,580","45,150 ",0 ,2000,0 ,0 ,@Sallington,250,"7,141 ",0 ,0,0 ,0 ,@tpmart,"3,262",0 ,"50,333 ",3000,0 ,0 
@precambrian1,Merchant,,,2,"15,576 ","7,788 ",79,@precambrian1,"8,313","92,202 ","71,937 ",0,0 ,"2,568 ",@sanrox00,"3,585","59,576 ",0 ,0,"1,500 ",0 ,@Trench83,281,"7,929 ",101 ,0,0 ,0 
@Provespa,Merchant,,,3,"8,247 ","2,749 ",147,@Provespa,"2,937","83,595 ",320 ,0,0 ,0 ,@Sapphire222,"1,252","30,801 ","4,976 ",0,0 ,0 ,@tsegov,518,0 ,"14,791 ",0,0 ,0 
@psychofunkk,Associate,Mogul,,1,"12,518 ","12,518 ",100,@psychofunkk,"12,518","61,483 ",0 ,0,500 ,"9,866 ",@Saqi,"2,382","56,822 ","11,249 ",0,0 ,0 ,@Tuco666,"1,913","25,547 ",550 ,2000,0 ,0 
@Pudley,Shareholder,,,3,"384,084 ","128,028 ",,@Pudley,"111,957","224,994 ",0 ,0,0 ,"104,082 ",@Savina.09,"16,994","5,369 ",500 ,20000,0 ,"6,789 ",@Turagdar,"1,993","56,932 ",0 ,0,0 ,0 
@Pumpumrasta,Peddler,,,3,"1,283 ",428 ,351,@Pumpumrasta,"1,001",0 ,0 ,0,"1,001 ",0 ,@Schlemstar,"1,052","26,055 ","4,000 ",0,0 ,0 ,@Tybalt85,"3,564","30,391 ",0 ,5000,0 ,0 
@Qianpou,Merchant,,,3,"18,458 ","6,153 ",61,@Qianpou,"4,446","126,830 ",205 ,0,0 ,0 ,@Sciondraco,"1,492","30,253 ","12,363 ",0,0 ,0 ,@Unmar,"10,370","10,564 ",0 ,20000,0 ,0 
@quackycac,Merchant,,,3,"19,147 ","6,382 ",52,@quackycac,"12,225","319,447 ","29,837 ",0,0 ,0 ,@Scootorious,0,0 ,0 ,0,0 ,0 ,@Urrzin,0,0 ,0 ,0,0 ,0 
@Qubinets86,Tycoon,,Mogul,2,"82,959 ","41,480 ",9,@Qubinets86,"31,577","830,780 ",0 ,5000,0 ,0 ,@senorblackbean,"1,293","27,425 ","9,529 ",0,0 ,0 ,@Van_Unen,277,0 ,"7,921 ",0,0 ,0 
@Questionability,Peddler,,,3,"1,670 ",557 ,341,@Questionability,18,515 ,0 ,0,0 ,0 ,@SeventhxPhoenix,"7,817","80,497 ",0 ,10000,0 ,0 ,@Vile_Malice,291,"4,178 ","4,127 ",0,0 ,0 
@Quixotic987,Associate,Merchant,,1,"7,139 ","7,139 ",163,@Quixotic987,"7,139","203,964 ",0 ,0,0 ,0 ,@SFxOperations,"1,375","10,720 ",0 ,0,"1,000 ",0 ,@VisualGloss,"1,250","26,303 ","9,416 ",0,0 ,0 
@QvD,Merchant,,,3,"5,820 ","1,940 ",192,@QvD,183,"5,227 ",0 ,0,0 ,0 ,@Shadowxk1,792,"1,940 ","6,406 ",1000,0 ,0 ,@Vosko_Veide,290,0 ,"8,297 ",0,0 ,0 
@Rabby,Peddler,Merchant,,3,"3,974 ","1,325 ",244,@Rabby,"2,929","83,240 ",450 ,0,0 ,0 ,@Shaime27,0,0 ,0 ,0,0 ,0 ,@Wamboze,17,339 ,134 ,0,0 ,0 
@Rados,Peddler,,,3,"1,804 ",601 ,333,@Rados,507,"5,432 ","9,060 ",0,0 ,0 ,@Shamo,"5,080","132,650 ","12,500 ",0,0 ,0 ,@Wamoura,"2,069","59,100 ",0 ,0,0 ,0 
@Raisler,Merchant,,,3,"12,773 ","4,258 ",96,@Raisler,922,"26,340 ",0 ,0,0 ,0 ,@Shantopia,0,0 ,0 ,0,0 ,0 ,@war6795,"4,501",0 ,0 ,7000,"1,001 ",0 
@Raithen27,Merchant,,,3,"3,079 ","1,026 ",280,@Raithen27,58,"1,667 ",0 ,0,0 ,0 ,@ShastaTheHusky,326,"8,850 ",450 ,0,0 ,0 ,@WarsongX,"3,759","107,400 ",0 ,0,0 ,0 
@Ramagon,Merchant,,,3,"18,464 ","6,155 ",59,@Ramagon,"5,350","75,320 ","6,111 ",5000,0 ,0 ,@SherShahSuri,0,0 ,0 ,0,0 ,0 ,@Wattage95,4,112 ,0 ,0,0 ,0 
@Ranwynne,Merchant,,,3,"5,198 ","1,733 ",209,@Ranwynne,"1,754","31,667 ","4,165 ",1000,0 ,0 ,@Shimmer3,61,"1,751 ",0 ,0,0 ,0 ,@Whatsinaname1,0,0 ,0 ,0,0 ,0 
@Rashka42,Merchant,,,3,"14,634 ","4,878 ",82,@Rashka42,"5,033","44,200 ","13,886 ",6000,0 ,0 ,@Shirrasi,0,0 ,0 ,0,0 ,0 ,@WhiteyMike,"1,991","56,886 ",0 ,0,0 ,0 
@Ravvnn,Merchant,,,2,"6,377 ","3,188 ",183,@Ravvnn,"3,395","67,908 ",510 ,2000,0 ,0 ,@sidzero,"3,475","70,720 ",0 ,2000,0 ,0 ,@Wilhelm1050,"1,447","41,330 ",0 ,0,0 ,0 
@Redempted,Peddler,,,3,0 ,0 ,,@Redempted,0,0 ,0 ,0,0 ,0 ,@siegebyte,"1,631","18,020 ",0 ,2000,0 ,0 ,@Wispy,8,0 ,240 ,0,0 ,0 
@regauer,Merchant,,,3,"4,086 ","1,362 ",241,@regauer,669,"19,108 ",0 ,0,0 ,0 ,@Singspike,"1,540","40,000 ","4,000 ",0,0 ,0 ,@Woodhaven-woods,"19,096","88,688 ","28,350 ",30000,0 ,0 
@reioni,Associate,Merchant,,1,"7,327 ","7,327 ",161,@reioni,"7,327","181,319 ","28,015 ",0,0 ,0 ,@sinnessjuk,0,0 ,0 ,0,0 ,0 ,@WormwoodDagger,"1,096","17,015 ",0 ,1000,0 ,0 
@Retoohs,Mogul,,,3,"39,297 ","13,099 ",21,@Retoohs,"5,772","143,956 ","1,100 ",0,0 ,695 ,@Skarwind,0,0 ,0 ,0,0 ,0 ,@Wurmpriest,"32,361","204,447 ",799 ,5000,0 ,"22,677 "
@RevenantChaosSix,Merchant,,,3,"7,347 ","2,449 ",160,@RevenantChaosSix,"1,855","53,000 ",0 ,0,0 ,0 ,@skinnycheeks,"2,349","57,309 ","9,800 ",0,0 ,0 ,@xand3ros,"1,748","49,454 ",500 ,0,0 ,0 
@risen1221,Peddler,,,3,0 ,0 ,,@risen1221,0,0 ,0 ,0,0 ,0 ,@skoomabrewer,147,"3,400 ",799 ,0,0 ,0 ,@xbam215bamx,"2,468",583 ,"12,799 ",4000,0 ,0 
@Rithic,Merchant,,,3,"10,720 ","3,573 ",118,@Rithic,"5,524","157,842 ",0 ,0,0 ,0 ,@skr_kette,"5,430","12,262 ",0 ,0,"5,001 ",0 ,@xRestless,0,0 ,0 ,0,0 ,0 
@rokazshangtai,Merchant,,,3,"4,537 ","1,512 ",230,@rokazshangtai,"1,242","35,483 ",0 ,0,0 ,0 ,@Slalmon,0,0 ,0 ,0,0 ,0 ,@xSJx,0,0 ,0 ,0,0 ,0 
@Rokelaar,Merchant,,,3,"9,557 ","3,186 ",131,@Rokelaar,"5,020","86,270 ",0 ,0,"2,001 ",0 ,@slapchuck,666,"19,017 ",0 ,0,0 ,0 ,@xSorryAboutThat,"10,364","224,498 ",190 ,5000,0 ,0 
@Rollersnake,Peddler,Merchant,,2,"4,485 ","2,242 ",231,@Rollersnake,"4,266","86,700 ","3,000 ",0,0 ,"1,126 ",@slickgtx,"3,061","82,890 ","4,555 ",0,0 ,0 ,@yanlost,0,0 ,0 ,0,0 ,0 
@RomanHedonist,Merchant,,,3,"3,280 ","1,093 ",274,@RomanHedonist,0,0 ,0 ,0,0 ,0 ,@slidescream2013,175,0 ,"5,000 ",0,0 ,0 ,@yuresis,"1,303","6,636 ","2,000 ",0,"1,001 ",0 
@rosarose,Merchant,,Peddler,3,"2,866 ",955 ,286,@rosarose,550,"14,191 ","1,518 ",0,0 ,0 ,@SmackDaddy420,"1,942","41,189 ",0 ,1000,0 ,0 ,@Zefria,"3,363","24,645 ",0 ,5000,0 ,0 
@Rowdog007,Peddler,,,3,0 ,0 ,,@Rowdog007,0,0 ,0 ,0,0 ,0 ,@Smunkl,0,0 ,0 ,0,0 ,0 ,@Ziksana,"10,503","155,811 ","30,000 ",8000,0 ,0 
@rueboras,Peddler,,,3,0 ,0 ,,@rueboras,0,0 ,0 ,0,0 ,0 ,@Snowthine,23,650 ,0 ,0,0 ,0 ,@zioc,"2,607","72,800 ","1,672 ",0,0 ,0 
@RythDarkbane,Merchant,,,2,"9,462 ","4,731 ",133,@RythDarkbane,"7,006","98,600 ","1,582 ",7000,0 ,0 ,@Sovi3tKitsch,"5,286","134,500 ","2,245 ",1000,0 ,0 ,@ZSilentZeleX,"2,727","77,900 ",0 ,0,0 ,0 
@s098378,Merchant,,,3,"3,833 ","1,278 ",253,@s098378,"1,541","41,740 ","2,300 ",0,0 ,0 ,@Spage,"32,232","6,074 ",550 ,0,0 ,"32,000 ",,,,,,,
@Sallington,Merchant,,,3,"7,856 ","2,619 ",152,@Sallington,"2,328","3,373 ","6,000 ",4000,0 ,0 ,@spencer93,331,0 ,"9,454 ",0,0 ,0 ,,,,,,,
@sanrox00,Merchant,,,3,"4,378 ","1,459 ",233,@sanrox00,792,"19,651 ","2,990 ",0,0 ,0 ,@Spockee,194,"5,530 ",0 ,0,0 ,0 ,,,,,,,
@Sapphire222,Merchant,,,3,"3,871 ","1,290 ",252,@Sapphire222,133,"1,800 ","2,000 ",0,0 ,0 ,@Squashnoggin,"4,448","27,920 ","27,727 ",5000,0 ,0 ,,,,,,,
@Saqi,Merchant,,,3,"3,593 ","1,198 ",264,@Saqi,"1,111","20,353 ","11,395 ",0,0 ,0 ,@Stormola,0,0 ,0 ,0,0 ,0 ,,,,,,,
@Savina.09,Guild Booster,,,3,"41,452 ","13,817 ",,@Savina.09,"11,175","3,009 ","2,000 ",22000,0 ,0 ,@Stryghe,"14,836","49,825 ","16,900 ",15000,"5,001 ",0 ,,,,,,,
@Schlemstar,Peddler,Merchant,,3,"5,581 ","1,860 ",199,@Schlemstar,"3,638","54,840 ","6,232 ",3000,0 ,0 ,@Sundance44,0,0 ,0 ,0,0 ,0 ,,,,,,,
@Sciondraco,Peddler,Merchant,,3,"11,265 ","3,755 ",113,@Sciondraco,"9,737","137,752 ","26,155 ",8000,0 ,0 ,@SunProwler,"158,625","551,490 ","104,679 ",5000,0 ,"133,159 ",,,,,,,
@Scootorious,Peddler,,,3,0 ,0 ,,@Scootorious,0,0 ,0 ,0,0 ,0 ,@Super11ama,636,"7,862 ","10,300 ",0,0 ,0 ,,,,,,,
@senorblackbean,Merchant,,,3,"8,539 ","2,846 ",145,@senorblackbean,"4,286","87,570 ","34,896 ",0,0 ,0 ,@sweetroll_lover,0,0 ,0 ,0,0 ,0 ,,,,,,,
@SeventhxPhoenix,Merchant,,,2,"18,460 ","9,230 ",60,@SeventhxPhoenix,"10,643","18,374 ",0 ,20000,0 ,0 ,@SwordofLife,"1,063","23,600 ","6,764 ",0,0 ,0 ,,,,,,,
@SFxOperations,Peddler,Merchant,,3,"9,504 ","3,168 ",132,@SFxOperations,"7,842","8,419 ",0 ,0,0 ,"7,547 ",@Sylnce,500,0 ,0 ,1000,0 ,0 ,,,,,,,
@Shadowxk1,Peddler,,,3,"2,760 ",920 ,288,@Shadowxk1,"1,230","3,350 ","3,217 ",2000,0 ,0 ,@Syrene,"6,385","181,620 ",800 ,0,0 ,0 ,,,,,,,
@Shaime27,Peddler,,,3,"1,405 ",468 ,348,@Shaime27,0,0 ,0 ,0,0 ,0 ,@Szchwingin76,477,"7,230 ","1,497 ",0,0 ,172 ,,,,,,,
@Shamo,Merchant,,,3,"12,117 ","4,039 ",105,@Shamo,"4,268","110,000 ","11,935 ",0,0 ,0 ,@Tailormade,"1,477","5,700 ","36,499 ",0,0 ,0 ,,,,,,,
@Shandyra,Associate,Merchant,,1,"1,000 ","1,000 ",360,@Shandyra,"1,000",0 ,0 ,2000,0 ,0 ,@Technohic,"2,145","42,500 ","4,500 ",1000,0 ,0 ,,,,,,,
@Shantopia,Peddler,,,3,0 ,0 ,,@Shantopia,0,0 ,0 ,0,0 ,0 ,@ThaSupafly,"1,754","49,108 ","1,000 ",0,0 ,0 ,,,,,,,
@ShastaTheHusky,Peddler,,,3,"2,392 ",797 ,305,@ShastaTheHusky,"1,992","27,594 ",750 ,2000,0 ,0 ,@ThatCAT,"1,730","49,440 ",0 ,0,0 ,0 ,,,,,,,
@SherShahSuri,Peddler,,,3,642 ,214 ,380,@SherShahSuri,0,0 ,0 ,0,0 ,0 ,@ThatFace,"5,499","99,975 ",0 ,4000,0 ,0 ,,,,,,,
@Shimmer3,Peddler,,,3,112 ,37 ,413,@Shimmer3,51,"1,455 ",0 ,0,0 ,0 ,@thaydron,"1,792","51,200 ",0 ,0,0 ,0 ,,,,,,,
@Shine1630,Associate,Peddler,,1,83 ,83 ,414,@Shine1630,83,732 ,"1,649 ",0,0 ,0 ,@The_Visionary,"5,513","156,493 ","1,028 ",0,0 ,0 ,,,,,,,
@Shirrasi,Peddler,,,3,713 ,238 ,377,@Shirrasi,713,"19,915 ",470 ,0,0 ,0 ,@Thebenz14,"1,633","42,531 ","4,112 ",0,0 ,0 ,,,,,,,
@sidzero,Merchant,,,2,"6,757 ","3,378 ",175,@sidzero,"3,281","54,770 ","10,415 ",2000,0 ,0 ,@theburdman,"2,672","76,351 ",0 ,0,0 ,0 ,,,,,,,
@siegebyte,Mogul,,Merchant,3,"21,591 ","7,197 ",46,@siegebyte,0,0 ,0 ,0,0 ,0 ,@theflamingv,"1,720","45,725 ","3,414 ",0,0 ,0 ,,,,,,,
@Silkdawn,Associate,Peddler,,1,973 ,973 ,367,@Silkdawn,973,"27,790 ",0 ,0,0 ,0 ,@TheophilKung,0,0 ,0 ,0,0 ,0 ,,,,,,,
@Singspike,Merchant,,,2,"3,398 ","1,699 ",271,@Singspike,"1,858","2,022 ","22,499 ",2000,0 ,0 ,@TheReidster,482,"13,775 ",0 ,0,0 ,0 ,,,,,,,
@sinnessjuk,Peddler,,,3,"1,500 ",500 ,347,@sinnessjuk,"1,000",0 ,0 ,2000,0 ,0 ,@thezathras,530,"11,550 ","3,600 ",0,0 ,0 ,,,,,,,
@SirConverse,Associate,Peddler,,1,238 ,238 ,399,@SirConverse,238,"6,806 ",0 ,0,0 ,0 ,@ThirdDegree,"4,045","86,990 ",0 ,2000,0 ,0 ,,,,,,,
@Skarwind,Peddler,,,3,"1,073 ",358 ,358,@Skarwind,0,0 ,0 ,0,0 ,0 ,@Thrast,"1,072","30,634 ",0 ,0,0 ,0 ,,,,,,,
@skinnycheeks,Merchant,,,3,"10,877 ","3,626 ",117,@skinnycheeks,"6,978","189,067 ","10,318 ",0,0 ,0 ,@Timaios,"19,595","106,602 ","24,643 ",10000,"10,001 ",0 ,,,,,,,
@skoomabrewer,Peddler,Merchant,,3,"3,515 ","1,172 ",269,@skoomabrewer,"2,178","61,400 ",842 ,0,0 ,0 ,@Tobber01,548,"15,655 ",0 ,0,0 ,0 ,,,,,,,
@skr_kette,Merchant,,,3,"12,099 ","4,033 ",106,@skr_kette,"6,564","30,366 ",0 ,5000,"3,001 ",0 ,@Tokugowanaka,"2,206","19,082 ","1,100 ",3000,0 ,0 ,,,,,,,
@Slalmon,Peddler,Merchant,,2,"3,147 ","1,574 ",278,@Slalmon,"3,147","55,845 ","5,500 ",2000,0 ,0 ,@Tormennt,"112,746","7,028 ",0 ,0,0 ,"112,500 ",,,,,,,
@slapchuck,Merchant,,Peddler,3,"2,874 ",958 ,284,@slapchuck,48,"1,379 ",0 ,0,0 ,0 ,@tpmart,"3,549",120 ,"72,721 ",2000,0 ,0 ,,,,,,,
@slickgtx,Merchant,,,3,"7,043 ","2,348 ",167,@slickgtx,"3,982","54,486 ","2,150 ",4000,0 ,0 ,@Trench83,"1,368","39,087 ",0 ,0,0 ,0 ,,,,,,,
@slidescream2013,Peddler,Merchant,,2,"5,588 ","2,794 ",198,@slidescream2013,"5,413","154,654 ",0 ,0,0 ,0 ,@Truekep,"1,897","54,198 ",0 ,0,0 ,0 ,,,,,,,
@SmackDaddy420,Merchant,,,2,"4,898 ","2,449 ",221,@SmackDaddy420,"2,956","30,044 ","25,842 ",2000,0 ,0 ,@tsegov,"11,356","155,449 ","26,149 ",10000,0 ,0 ,,,,,,,
@Smunkl,Peddler,,,3,0 ,0 ,,@Smunkl,0,0 ,0 ,0,0 ,0 ,@Tuco666,"3,116","60,464 ",0 ,2000,0 ,0 ,,,,,,,
@Snowthine,Guild Officer,,,3,"3,274 ","1,091 ",,@Snowthine,"2,177","62,200 ",0 ,0,0 ,0 ,@Turagdar,"1,987","56,762 ",0 ,0,0 ,0 ,,,,,,,
@Soro,Associate,Merchant,,1,"2,581 ","2,581 ",296,@Soro,"2,581","73,733 ",0 ,0,0 ,0 ,@Tybalt85,"11,841","337,687 ",622 ,0,0 ,0 ,,,,,,,
@Sovi3tKitsch,Merchant,,,3,"18,102 ","6,034 ",65,@Sovi3tKitsch,"2,365","55,000 ","12,570 ",0,0 ,0 ,@Unmar,285,"8,131 ",0 ,0,0 ,0 ,,,,,,,
@Spage,Shareholder,,,3,"366,127 ","122,042 ",,@Spage,"69,457","24,581 ","7,911 ",30000,0 ,"53,320 ",@Urist,"1,350","37,922 ",644 ,0,0 ,0 ,,,,,,,
@Speidz,Associate,Peddler,,1,0 ,0 ,,@Speidz,0,0 ,0 ,0,0 ,0 ,@Urrzin,0,0 ,0 ,0,0 ,0 ,,,,,,,
@spencer93,Peddler,,,3,331 ,110 ,396,@spencer93,0,0 ,0 ,0,0 ,0 ,@Van_Unen,"9,397","216,493 ","52,000 ",0,0 ,0 ,,,,,,,
@Spockee,Peddler,,,3,432 ,144 ,392,@Spockee,95,"2,720 ",0 ,0,0 ,0 ,@velies,856,"24,452 ",0 ,0,0 ,0 ,,,,,,,
@Squashnoggin,Merchant,,,2,"15,759 ","7,880 ",78,@Squashnoggin,"11,311","177,825 ","2,500 ",10000,0 ,0 ,@Vexwretchtwo,"3,933","112,358 ",0 ,0,0 ,0 ,,,,,,,
@Stormola,Peddler,Merchant,,2,"12,694 ","6,347 ",97,@Stormola,"12,694","362,698 ",0 ,0,0 ,0 ,@Vile_Malice,44,"1,251 ",0 ,0,0 ,0 ,,,,,,,
@Stryghe,Mogul,,,3,"42,575 ","14,192 ",18,@Stryghe,"14,313","31,368 ","20,400 ",15000,"5,001 ",0 ,@VisualGloss,745,"18,105 ","3,190 ",0,0 ,0 ,,,,,,,
@Sundance44,Peddler,,,3,0 ,0 ,,@Sundance44,0,0 ,0 ,0,0 ,0 ,@Vosko_Veide,"5,053","109,859 ","5,938 ",2000,0 ,0 ,,,,,,,
@SunProwler,Shareholder,,,3,"452,761 ","150,920 ",,@SunProwler,"110,772","649,136 ","62,101 ",5000,0 ,"83,379 ",@Wamboze,44,"1,245 ",0 ,0,0 ,0 ,,,,,,,
@Super11ama,Peddler,,,3,723 ,241 ,375,@Super11ama,12,330 ,0 ,0,0 ,0 ,@Wamoura,"5,387","151,500 ","2,400 ",0,0 ,0 ,,,,,,,
@sweetroll_lover,Merchant,,Peddler,3,"2,000 ",667 ,323,@sweetroll_lover,0,0 ,0 ,0,0 ,0 ,@war6795,"2,000",0 ,0 ,4000,0 ,0 ,,,,,,,
@SwordofLife,Mogul,,,3,"47,122 ","15,707 ",15,@SwordofLife,0,0 ,0 ,0,0 ,0 ,@WarsongX,"3,647","104,200 ",0 ,0,0 ,0 ,,,,,,,
@Sylnce,Peddler,,,3,"2,301 ",767 ,309,@Sylnce,"1,107","3,048 ",0 ,2000,0 ,0 ,@Wattage95,346,"9,881 ",0 ,0,0 ,0 ,,,,,,,
@Syrene,Merchant,,,3,"10,935 ","3,645 ",116,@Syrene,"4,550","130,010 ",0 ,0,0 ,0 ,@Whatsinaname1,"4,380","125,137 ",0 ,0,0 ,0 ,,,,,,,
@Szchwingin76,Peddler,,,2,642 ,321 ,379,@Szchwingin76,165,"4,710 ",0 ,0,0 ,0 ,@WhiteyMike,"1,840","51,710 ",866 ,0,0 ,0 ,,,,,,,
@Tailormade,Merchant,Tycoon,,2,"106,766 ","53,383 ",7,@Tailormade,"105,289","585,469 ","66,629 ",55000,"50,001 ","4,965 ",@Wilhelm1050,88,"2,505 ",0 ,0,0 ,0 ,,,,,,,
@Technohic,Merchant,,,3,"3,969 ","1,323 ",246,@Technohic,"1,324","3,378 ","5,889 ",2000,0 ,0 ,@Wispy,"1,329",0 ,"37,973 ",0,0 ,0 ,,,,,,,
@ThaSupafly,Merchant,,,3,"9,895 ","3,298 ",128,@ThaSupafly,"4,057","114,352 ","1,561 ",0,0 ,0 ,@Woodhaven-woods,"2,537","39,246 ","33,237 ",0,0 ,0 ,,,,,,,
@ThatCAT,Merchant,,,3,"20,024 ","6,675 ",50,@ThatCAT,"8,018","223,410 ","5,666 ",0,0 ,0 ,@Wurmpriest,"2,735","78,132 ",0 ,0,0 ,0 ,,,,,,,
@ThatFace,Mogul,,Merchant,3,"27,041 ","9,014 ",32,@ThatFace,"6,775","136,416 ",0 ,4000,0 ,0 ,@xand3ros,178,"4,537 ",550 ,0,0 ,0 ,,,,,,,
@thaydron,Merchant,,,3,"13,733 ","4,578 ",89,@thaydron,"10,448","298,500 ",0 ,0,0 ,0 ,@xbam215bamx,500,0 ,0 ,1000,0 ,0 ,,,,,,,
@The_Visionary,Merchant,,,3,"17,461 ","5,820 ",68,@The_Visionary,"6,988","198,359 ","1,300 ",0,0 ,0 ,@xRestless,0,0 ,0 ,0,0 ,0 ,,,,,,,
@Thebenz14,Merchant,,,3,"4,947 ","1,649 ",220,@Thebenz14,676,"19,321 ",0 ,0,0 ,0 ,@xSJx,0,0 ,0 ,0,0 ,0 ,,,,,,,
@theburdman,Merchant,,,2,"6,179 ","3,090 ",184,@theburdman,"3,507","100,200 ",0 ,0,0 ,0 ,@xSorryAboutThat,0,0 ,0 ,0,0 ,0 ,,,,,,,
@theflamingv,Merchant,,,3,"4,600 ","1,533 ",227,@theflamingv,"1,505","14,400 ",0 ,0,"1,001 ",0 ,@yanlost,"1,235","34,791 ",500 ,0,0 ,0 ,,,,,,,
@TheophilKung,Peddler,,,3,0 ,0 ,,@TheophilKung,0,0 ,0 ,0,0 ,0 ,@yuresis,"19,695","43,434 ","4,935 ",0,"2,002 ","16,000 ",,,,,,,
@TheReidster,Peddler,,,3,809 ,270 ,372,@TheReidster,0,0 ,0 ,0,0 ,0 ,@Zamram,"1,405","11,540 ",0 ,0,"1,001 ",0 ,,,,,,,
@thezathras,Merchant,,,3,"5,229 ","1,743 ",207,@thezathras,"1,579","37,930 ","7,191 ",0,0 ,0 ,@Zefria,"2,523","44,888 ","27,199 ",0,0 ,0 ,,,,,,,
@ThirdDegree,Merchant,,,3,"18,790 ","6,263 ",57,@ThirdDegree,"4,658","53,610 ","8,033 ",5000,0 ,0 ,@Ziksana,"6,402","125,261 ",519 ,4000,0 ,0 ,,,,,,,
@Thrast,Merchant,,,3,"9,373 ","3,124 ",135,@Thrast,872,"24,900 ",0 ,0,0 ,0 ,@zioc,"2,823","80,344 ",299 ,0,0 ,0 ,,,,,,,
@Timaios,Mogul,,,3,"46,595 ","15,532 ",16,@Timaios,"11,503","42,928 ",0 ,10000,"5,001 ",0 ,@Zore_Triol,"37,985","5,250 ","2,900 ",5000,0 ,"35,200 ",,,,,,,
@Tobber01,Peddler,,,3,"1,797 ",599 ,334,@Tobber01,504,"14,400 ",0 ,0,0 ,0 ,@ZSilentZeleX,"2,021","57,740 ",0 ,0,0 ,0 ,,,,,,,
@Tokugowanaka,Merchant,,,3,"7,552 ","2,517 ",156,@Tokugowanaka,"3,167","17,733 ","1,311 ",5000,0 ,0 ,,,,,,,,,,,,,,
@Tormennt,Guild Officer,,,3,"154,482 ","51,494 ",,@Tormennt,"22,715","50,000 ",0 ,0,0 ,"20,965 ",,,,,,,,,,,,,,
@tpmart,Merchant,,,3,"10,649 ","3,550 ",119,@tpmart,"3,838","57,050 ","52,600 ",0,0 ,0 ,,,,,,,,,,,,,,
@TradeWithVigor,Associate,Peddler,,1,350 ,350 ,394,@TradeWithVigor,350,0 ,"10,000 ",0,0 ,0 ,,,,,,,,,,,,,,
@Trench83,Peddler,,,3,"2,930 ",977 ,282,@Trench83,"1,280","36,585 ",0 ,0,0 ,0 ,,,,,,,,,,,,,,
@TrueDeceptionist,Associate,Peddler,,1,543 ,543 ,385,@TrueDeceptionist,543,"13,800 ","1,728 ",0,0 ,0 ,,,,,,,,,,,,,,
@Truekep,Merchant,,,2,"4,995 ","2,498 ",218,@Truekep,"3,098","88,523 ",0 ,0,0 ,0 ,,,,,,,,,,,,,,
@tsegov,Merchant,,,3,"19,065 ","6,355 ",54,@tsegov,"7,191","178,669 ","26,787 ",0,0 ,0 ,,,,,,,,,,,,,,
@Tuco666,Merchant,,,3,"6,556 ","2,185 ",178,@Tuco666,"1,527","29,334 ",0 ,1000,0 ,0 ,,,,,,,,,,,,,,
@Turagdar,Merchant,,,3,"5,202 ","1,734 ",208,@Turagdar,"1,222","34,926 ",0 ,0,0 ,0 ,,,,,,,,,,,,,,
@Tybalt85,Merchant,,,3,"22,137 ","7,379 ",42,@Tybalt85,"6,732","181,010 ","11,335 ",0,0 ,0 ,,,,,,,,,,,,,,
@Unmar,Guild Booster,,,3,"10,826 ","3,609 ",,@Unmar,172,"4,902 ",0 ,0,0 ,0 ,,,,,,,,,,,,,,
@Urist,Merchant,,,2,"2,348 ","1,174 ",307,@Urist,998,"17,100 ","11,425 ",0,0 ,0 ,,,,,,,,,,,,,,
@Urrzin,Peddler,,,3,0 ,0 ,,@Urrzin,0,0 ,0 ,0,0 ,0 ,,,,,,,,,,,,,,
@Van_Unen,Merchant,,,3,"10,627 ","3,542 ",120,@Van_Unen,952,"21,257 ","5,947 ",0,0 ,0 ,,,,,,,,,,,,,,
@velies,Peddler,Merchant,,2,"5,504 ","2,752 ",202,@velies,"4,648","119,696 ","13,106 ",0,0 ,0 ,,,,,,,,,,,,,,
@Vexwretchtwo,Merchant,,,2,"15,283 ","7,641 ",81,@Vexwretchtwo,"11,350","324,296 ",0 ,0,0 ,0 ,,,,,,,,,,,,,,
@Vile_Malice,Peddler,,,3,334 ,111 ,395,@Vile_Malice,0,0 ,0 ,0,0 ,0 ,,,,,,,,,,,,,,
@Visiro,Associate,Merchant,,1,"3,901 ","3,901 ",249,@Visiro,"3,901","111,460 ",0 ,0,0 ,0 ,,,,,,,,,,,,,,
@VisualGloss,Peddler,Merchant,,3,"4,588 ","1,529 ",228,@VisualGloss,"2,592","74,071 ",0 ,0,0 ,0 ,,,,,,,,,,,,,,
@Vosko_Veide,Merchant,,,3,"5,550 ","1,850 ",200,@Vosko_Veide,206,"5,895 ",0 ,0,0 ,0 ,,,,,,,,,,,,,,
@Wamboze,Peddler,,,3,60 ,20 ,416,@Wamboze,0,0 ,0 ,0,0 ,0 ,,,,,,,,,,,,,,
@Wamoura,Merchant,,,3,"16,338 ","5,446 ",75,@Wamoura,"8,883","253,812 ",0 ,0,0 ,0 ,,,,,,,,,,,,,,
@war6795,Merchant,,,3,"6,501 ","2,167 ",181,@war6795,0,0 ,0 ,0,0 ,0 ,,,,,,,,,,,,,,
@Warpig6Delta,Associate,Peddler,,1,70 ,70 ,415,@Warpig6Delta,70,0 ,"2,000 ",0,0 ,0 ,,,,,,,,,,,,,,
@WarsongX,Merchant,,,3,"13,223 ","4,408 ",94,@WarsongX,"5,817","166,200 ",0 ,0,0 ,0 ,,,,,,,,,,,,,,
@Wattage95,Peddler,,,3,"1,811 ",604 ,331,@Wattage95,"1,461","12,628 ",550 ,2000,0 ,0 ,,,,,,,,,,,,,,
@Whatsinaname1,Merchant,,,3,"5,301 ","1,767 ",206,@Whatsinaname1,921,"26,328 ",0 ,0,0 ,0 ,,,,,,,,,,,,,,
@WhiteyMike,Merchant,,,3,"5,350 ","1,783 ",205,@WhiteyMike,"1,519","42,208 ","1,188 ",0,0 ,0 ,,,,,,,,,,,,,,
@Wilhelm1050,Peddler,,,3,"1,710 ",570 ,338,@Wilhelm1050,176,"5,030 ",0 ,0,0 ,0 ,,,,,,,,,,,,,,
@Wispy,Peddler,,,3,"1,337 ",446 ,349,@Wispy,0,0 ,0 ,0,0 ,0 ,,,,,,,,,,,,,,
@Woodhaven-woods,Mogul,,Merchant,3,"23,366 ","7,789 ",37,@Woodhaven-woods,"1,733","49,512 ",0 ,0,0 ,0 ,,,,,,,,,,,,,,
@Wurmpriest,Mogul,,,3,"40,232 ","13,411 ",20,@Wurmpriest,"5,136","52,724 ","22,600 ",5000,0 ,0 ,,,,,,,,,,,,,,
@xand3ros,Peddler,Merchant,,3,"5,806 ","1,935 ",193,@xand3ros,"3,879","21,044 ","4,055 ",4000,"1,001 ",0 ,,,,,,,,,,,,,,
@XaviusMaximum,Associate,Merchant,,1,"4,044 ","4,044 ",242,@XaviusMaximum,"4,044","115,548 ",0 ,0,0 ,0 ,,,,,,,,,,,,,,
@xbam215bamx,Merchant,,,3,"3,968 ","1,323 ",247,@xbam215bamx,"1,000",0 ,0 ,2000,0 ,0 ,,,,,,,,,,,,,,
@xRestless,Peddler,,,3,0 ,0 ,,@xRestless,0,0 ,0 ,0,0 ,0 ,,,,,,,,,,,,,,
@xSJx,Peddler,,,3,0 ,0 ,,@xSJx,0,0 ,0 ,0,0 ,0 ,,,,,,,,,,,,,,
@xSorryAboutThat,Merchant,,,3,"10,364 ","3,455 ",123,@xSorryAboutThat,0,0 ,0 ,0,0 ,0 ,,,,,,,,,,,,,,
@yanlost,Peddler,,,3,"2,178 ",726 ,313,@yanlost,943,"25,925 ","1,011 ",0,0 ,0 ,,,,,,,,,,,,,,
@yuresis,Mogul,,Merchant,3,"23,814 ","7,938 ",36,@yuresis,"2,816","35,499 ","16,382 ",2000,0 ,0 ,,,,,,,,,,,,,,
@Zamram,Merchant,Mogul,,2,"21,078 ","10,539 ",47,@Zamram,"19,673","36,989 ",0 ,7000,"14,878 ",0 ,,,,,,,,,,,,,,
@Zefria,Merchant,,,3,"12,448 ","4,149 ",101,@Zefria,"6,562","187,492 ",0 ,0,0 ,0 ,,,,,,,,,,,,,,
@Ziksana,Merchant,,,3,"21,702 ","7,234 ",44,@Ziksana,"4,796","57,169 ","22,728 ",4000,0 ,0 ,,,,,,,,,,,,,,
@zioc,Merchant,,,3,"7,041 ","2,347 ",168,@zioc,"1,612","45,242 ",803 ,0,0 ,0 ,,,,,,,,,,,,,,
@Ziroth4,Associate,Peddler,,1,150 ,150 ,411,@Ziroth4,150,"4,272 ",0 ,0,0 ,0 ,,,,,,,,,,,,,,
@ZombieZig,Associate,Merchant,,1,"3,135 ","3,135 ",279,@ZombieZig,"3,135","89,560 ",0 ,0,0 ,0 ,,,,,,,,,,,,,,
@Zore_Triol,Mogul,,,2,"41,030 ","20,515 ",19,@Zore_Triol,"3,044","15,550 ",0 ,5000,0 ,0 ,,,,,,,,,,,,,,
@ZSilentZeleX,Merchant,,,3,"5,650 ","1,883 ",197,@ZSilentZeleX,903,"25,800 ",0 ,0,0 ,0 ,,,,,,,,,,,,,,
@Zubaduba13,Associate,Peddler,,1,204 ,204 ,403,@Zubaduba13,204,"5,817 ",0 ,0,0 ,0 ,,,,,,,,,,,,,,
,,,,,,,,,,,,,,,,,,,,,,,,,,,,
,,,,,,,121,,,,,,,,,,,,,,,,,,,,,
,,,,,,,416,,,,,,,,,,,,,,,,,,,,,
,,,,,,,50,,,,,,,,,,,,,,,,,,,,,
,,,,,,,201,,,,,,,,,,,,,,,,,,,,,
,,,,,,,4,,,,,,,,,,,,,,,,,,,,,
,,,,,,,102,,,,,,,,,,,,,,,,,,,,,
,,,,,,,270,,,,,,,,,,,,,,,,,,,,,
,,,,,,,276,,,,,,,,,,,,,,,,,,,,,
,,,,,,,312,,,,,,,,,,,,,,,,,,,,,